contractSymbol,Symbol,strike,Expiration_date,Days_until_exp,Approx_win_prob_pct,ask,Premium_per_contract_100_shares,Loss_per_contract_100_shares,Collateral_need_per_contract_Kx100,Possibly_contracts,Max_profit_on_collateral,Max_loss_on_collateral_S=0
AA240906P00031500,AA,31.5,2024-09-06,4,0.6432221824411309,0.48,48.0,3102.0,3150.0,0.0,0.0,0.0
AA241018P00030000,AA,30.0,2024-10-18,46,0.6888678855172444,1.34,134.0,2866.0,3000.0,0.0,0.0,0.0
AAL240906P00010500,AAL,10.5,2024-09-06,4,0.6093031850933553,0.14,14.000000000000002,1036.0,1050.0,0.0,0.0,0.0
AAL240913P00010000,AAL,10.0,2024-09-13,11,0.7860678882629678,0.11,11.0,989.0,1000.0,1.0,11.0,989.0
AAL240920P00010000,AAL,10.0,2024-09-20,18,0.7480095514450703,0.17,17.0,983.0,1000.0,1.0,17.0,983.0
AAL240927P00010000,AAL,10.0,2024-09-27,25,0.734887307591676,0.22,22.0,977.9999999999999,1000.0,1.0,22.0,978.0
AAL241018P00010000,AAL,10.0,2024-10-18,46,0.6948545703594733,0.35,35.0,965.0,1000.0,1.0,35.0,965.0
AAP240920P00044000,AAP,44.0,2024-09-20,18,0.6593116731735313,0.92,92.0,4308.0,4400.0,0.0,0.0,0.0
AAPL240906P00225000,AAPL,225.0,2024-09-06,4,0.7511842367985899,0.98,98.0,22402.0,22500.0,0.0,0.0,0.0
AAPL240906P00227500,AAPL,227.5,2024-09-06,4,0.6137864732710826,1.7,170.0,22580.0,22750.0,0.0,0.0,0.0
AAPL240913P00222500,AAPL,222.5,2024-09-13,11,0.7433685105833492,1.73,173.0,22077.0,22250.0,0.0,0.0,0.0
AAPL240913P00225000,AAPL,225.0,2024-09-13,11,0.6671227470418619,2.4,240.0,22260.0,22500.0,0.0,0.0,0.0
AAPL240920P00220000,AAPL,220.0,2024-09-20,18,0.7730746253500737,1.89,189.0,21811.0,22000.0,0.0,0.0,0.0
AAPL240920P00222500,AAPL,222.5,2024-09-20,18,0.7142176861961997,2.46,246.0,22004.0,22250.0,0.0,0.0,0.0
AAPL240920P00225000,AAPL,225.0,2024-09-20,18,0.6485573121425712,3.2,320.0,22180.0,22500.0,0.0,0.0,0.0
AAPL240927P00220000,AAPL,220.0,2024-09-27,25,0.7521408464299961,2.44,244.0,21756.0,22000.0,0.0,0.0,0.0
AAPL240927P00225000,AAPL,225.0,2024-09-27,25,0.639448132566627,3.85,385.0,22115.0,22500.0,0.0,0.0,0.0
AAPL241018P00215000,AAPL,215.0,2024-10-18,46,0.7917279214912797,2.6,260.0,21240.0,21500.0,0.0,0.0,0.0
AAPL241018P00220000,AAPL,220.0,2024-10-18,46,0.7184207243752737,3.7,370.0,21630.0,22000.0,0.0,0.0,0.0
AAPL241018P00225000,AAPL,225.0,2024-10-18,46,0.6264085635723218,5.2,520.0,21980.0,22500.0,0.0,0.0,0.0
ABBV240920P00192500,ABBV,192.5,2024-09-20,18,0.7199210340546792,1.48,148.0,19102.0,19250.0,0.0,0.0,0.0
ABNB241018P00115000,ABNB,115.0,2024-10-18,46,0.6173815100433033,3.55,355.0,11145.0,11500.0,0.0,0.0,0.0
ABR240920P00013000,ABR,13.0,2024-09-20,18,0.7205467072130677,0.25,25.0,1275.0,1300.0,0.0,0.0,0.0
ABSI240920P00004000,ABSI,4.0,2024-09-20,18,0.7304243515672243,0.2,20.0,380.0,400.0,2.0,40.0,760.0
ABT240920P00111000,ABT,111.0,2024-09-20,18,0.6901317510962288,0.83,83.0,11017.0,11100.0,0.0,0.0,0.0
ACB240920P00005500,ACB,5.5,2024-09-20,18,0.7276520141603036,0.23,23.0,527.0,550.0,1.0,23.0,527.0
ACHR240927P00003000,ACHR,3.0,2024-09-27,25,0.7708669179685677,0.15,15.0,285.0,300.0,3.0,45.0,855.0
ACHR241018P00003000,ACHR,3.0,2024-10-18,46,0.7420654566258774,0.2,20.0,280.0,300.0,3.0,60.0,840.0
ACI240920P00019000,ACI,19.0,2024-09-20,18,0.6798019049085299,0.35,35.0,1864.9999999999998,1900.0,0.0,0.0,0.0
ADBE241018P00530000,ADBE,530.0,2024-10-18,46,0.7468999697907522,12.4,1240.0,51760.0,53000.0,0.0,0.0,0.0
ADSK240920P00250000,ADSK,250.0,2024-09-20,18,0.7450531743477768,2.45,245.00000000000003,24755.0,25000.0,0.0,0.0,0.0
AEM240920P00080000,AEM,80.0,2024-09-20,18,0.6352940059084378,1.45,145.0,7855.0,8000.0,0.0,0.0,0.0
AER241018P00092500,AER,92.5,2024-10-18,46,0.7283217380471968,1.35,135.0,9115.0,9250.0,0.0,0.0,0.0
AFRM240906P00042000,AFRM,42.0,2024-09-06,4,0.7226372601186809,0.68,68.0,4132.0,4200.0,0.0,0.0,0.0
AFRM240913P00041000,AFRM,41.0,2024-09-13,11,0.7454532775449073,0.9,90.0,4010.0,4100.0,0.0,0.0,0.0
AFRM240920P00040000,AFRM,40.0,2024-09-20,18,0.7630250752704046,1.0,100.0,3900.0,4000.0,0.0,0.0,0.0
AFRM240920P00041000,AFRM,41.0,2024-09-20,18,0.7143195473062429,1.34,134.0,3965.9999999999995,4100.0,0.0,0.0,0.0
AFRM240920P00042500,AFRM,42.5,2024-09-20,18,0.6266136286283824,1.9,190.0,4060.0,4250.0,0.0,0.0,0.0
AFRM241018P00037500,AFRM,37.5,2024-10-18,46,0.7982574631467897,1.3,130.0,3620.0000000000005,3750.0,0.0,0.0,0.0
AFRM241018P00040000,AFRM,40.0,2024-10-18,46,0.7117422261902008,2.07,206.99999999999997,3793.0,4000.0,0.0,0.0,0.0
AFRM241018P00042500,AFRM,42.5,2024-10-18,46,0.6153141394358866,3.1,310.0,3940.0,4250.0,0.0,0.0,0.0
AGNC240920P00010000,AGNC,10.0,2024-09-20,18,0.7569549977500111,0.08,8.0,992.0,1000.0,1.0,8.0,992.0
AGNC240927P00010000,AGNC,10.0,2024-09-27,25,0.7296571136199983,0.12,12.0,988.0000000000001,1000.0,1.0,12.0,988.0
AGNC241018P00010000,AGNC,10.0,2024-10-18,46,0.6929666528468219,0.19,19.0,981.0,1000.0,1.0,19.0,981.0
AI240906P00022000,AI,22.0,2024-09-06,4,0.6654397020775918,1.02,102.0,2098.0,2200.0,0.0,0.0,0.0
ALAB240920P00040000,ALAB,40.0,2024-09-20,18,0.6800522532951105,2.2,220.00000000000003,3779.9999999999995,4000.0,0.0,0.0,0.0
ALLY240913P00041000,ALLY,41.0,2024-09-13,11,0.7578305674363384,0.3,30.0,4070.0000000000005,4100.0,0.0,0.0,0.0
ALNY240920P00250000,ALNY,250.0,2024-09-20,18,0.7332140324406573,4.4,440.00000000000006,24560.0,25000.0,0.0,0.0,0.0
AMAT240906P00192500,AMAT,192.5,2024-09-06,4,0.6994291917874508,1.96,196.0,19054.0,19250.0,0.0,0.0,0.0
AMBA241018P00055000,AMBA,55.0,2024-10-18,46,0.7400960215259322,1.6,160.0,5340.0,5500.0,0.0,0.0,0.0
AMC240913P00004500,AMC,4.5,2024-09-13,11,0.7567858938806091,0.09,9.0,441.0,450.0,2.0,18.0,882.0
AMC240920P00004500,AMC,4.5,2024-09-20,18,0.7161004532006248,0.14,14.000000000000002,436.00000000000006,450.0,2.0,28.000000000000004,872.0
AMC240927P00004500,AMC,4.5,2024-09-27,25,0.7008994178389281,0.19,19.0,430.99999999999994,450.0,2.0,38.0,862.0
AMD240906P00143000,AMD,143.0,2024-09-06,4,0.7723563974474734,1.14,113.99999999999999,14186.000000000002,14300.0,0.0,0.0,0.0
AMD240906P00144000,AMD,144.0,2024-09-06,4,0.7345432561056859,1.39,139.0,14261.000000000002,14400.0,0.0,0.0,0.0
AMD240906P00145000,AMD,145.0,2024-09-06,4,0.690156705446145,1.65,165.0,14335.0,14500.0,0.0,0.0,0.0
AMD240906P00146000,AMD,146.0,2024-09-06,4,0.6428097042604298,2.03,202.99999999999997,14397.0,14600.0,0.0,0.0,0.0
AMD240913P00140000,AMD,140.0,2024-09-13,11,0.7870568452232177,1.57,157.0,13843.0,14000.0,0.0,0.0,0.0
AMD240913P00145000,AMD,145.0,2024-09-13,11,0.6407343762492513,3.05,305.0,14194.999999999998,14500.0,0.0,0.0,0.0
AMD240920P00137000,AMD,137.0,2024-09-20,18,0.796764423834873,1.74,174.0,13526.0,13700.0,0.0,0.0,0.0
AMD240920P00138000,AMD,138.0,2024-09-20,18,0.7780647332357804,1.95,195.0,13605.000000000002,13800.0,0.0,0.0,0.0
AMD240920P00139000,AMD,139.0,2024-09-20,18,0.767073986549707,2.19,219.0,13681.0,13900.0,0.0,0.0,0.0
AMD240920P00140000,AMD,140.0,2024-09-20,18,0.7465906162153197,2.45,245.00000000000003,13755.000000000002,14000.0,0.0,0.0,0.0
AMD240920P00141000,AMD,141.0,2024-09-20,18,0.7226173194086417,2.73,273.0,13827.000000000002,14100.0,0.0,0.0,0.0
AMD240920P00142000,AMD,142.0,2024-09-20,18,0.6978905715245798,3.05,305.0,13894.999999999998,14200.0,0.0,0.0,0.0
AMD240920P00143000,AMD,143.0,2024-09-20,18,0.6663487130359772,3.4,340.0,13960.0,14300.0,0.0,0.0,0.0
AMD240920P00144000,AMD,144.0,2024-09-20,18,0.6504755049394952,3.75,375.0,14025.0,14400.0,0.0,0.0,0.0
AMD240920P00145000,AMD,145.0,2024-09-20,18,0.6249700717691913,4.15,415.00000000000006,14085.0,14500.0,0.0,0.0,0.0
AMD240927P00140000,AMD,140.0,2024-09-27,25,0.7229193167721053,3.15,315.0,13685.0,14000.0,0.0,0.0,0.0
AMD241018P00135000,AMD,135.0,2024-10-18,46,0.7628384139431218,3.6,360.0,13140.0,13500.0,0.0,0.0,0.0
AMD241018P00140000,AMD,140.0,2024-10-18,46,0.688006224019303,5.1,509.99999999999994,13490.0,14000.0,0.0,0.0,0.0
AMD241018P00145000,AMD,145.0,2024-10-18,46,0.6059672822712311,7.05,705.0,13794.999999999998,14500.0,0.0,0.0,0.0
AMGN240920P00330000,AMGN,330.0,2024-09-20,18,0.6258122795121164,4.25,425.0,32575.0,33000.0,0.0,0.0,0.0
AMT240920P00220000,AMT,220.0,2024-09-20,18,0.6684655099735172,2.45,245.00000000000003,21755.0,22000.0,0.0,0.0,0.0
AMZN240906P00175000,AMZN,175.0,2024-09-06,4,0.7456551999739178,0.92,92.0,17408.0,17500.0,0.0,0.0,0.0
AMZN240913P00172500,AMZN,172.5,2024-09-13,11,0.7812057577242709,1.3,130.0,17120.0,17250.0,0.0,0.0,0.0
AMZN240913P00175000,AMZN,175.0,2024-09-13,11,0.6852447517460922,1.78,178.0,17322.0,17500.0,0.0,0.0,0.0
AMZN240920P00172500,AMZN,172.5,2024-09-20,18,0.7379252920968695,1.85,185.0,17065.0,17250.0,0.0,0.0,0.0
AMZN240920P00175000,AMZN,175.0,2024-09-20,18,0.6594459535124356,2.58,258.0,17242.0,17500.0,0.0,0.0,0.0
AMZN240927P00170000,AMZN,170.0,2024-09-27,25,0.778261956163649,2.19,219.0,16781.0,17000.0,0.0,0.0,0.0
AMZN240927P00175000,AMZN,175.0,2024-09-27,25,0.6450952744825764,3.1,310.0,17190.0,17500.0,0.0,0.0,0.0
AMZN241018P00170000,AMZN,170.0,2024-10-18,46,0.7331067923184492,3.1,310.0,16690.0,17000.0,0.0,0.0,0.0
AMZN241018P00175000,AMZN,175.0,2024-10-18,46,0.6256936542649627,4.6,459.99999999999994,17040.0,17500.0,0.0,0.0,0.0
ANF240920P00140000,ANF,140.0,2024-09-20,18,0.7165670704178521,3.1,310.0,13690.0,14000.0,0.0,0.0,0.0
APA241018P00027500,APA,27.5,2024-10-18,46,0.6561745597266991,0.89,89.0,2661.0,2750.0,0.0,0.0,0.0
APH240920P00065000,APH,65.0,2024-09-20,18,0.7483726827791128,0.7,70.0,6430.0,6500.0,0.0,0.0,0.0
APH241018P00065000,APH,65.0,2024-10-18,46,0.679484219800066,1.4,140.0,6360.0,6500.0,0.0,0.0,0.0
ARE241018P00115000,ARE,115.0,2024-10-18,46,0.6786203444976053,2.45,245.00000000000003,11255.0,11500.0,0.0,0.0,0.0
ARM240920P00120000,ARM,120.0,2024-09-20,18,0.7877913842591879,2.63,263.0,11737.0,12000.0,0.0,0.0,0.0
ARM241018P00120000,ARM,120.0,2024-10-18,46,0.7228726273165136,5.85,585.0,11415.0,12000.0,0.0,0.0,0.0
ARM241018P00125000,ARM,125.0,2024-10-18,46,0.6596657325518686,7.7,770.0,11730.0,12500.0,0.0,0.0,0.0
ASTS240906P00027500,ASTS,27.5,2024-09-06,4,0.6593138533275268,1.25,125.0,2625.0,2750.0,0.0,0.0,0.0
ASTS240906P00028000,ASTS,28.0,2024-09-06,4,0.6214216503804761,1.55,155.0,2645.0,2800.0,0.0,0.0,0.0
ASTS240920P00025000,ASTS,25.0,2024-09-20,18,0.7359145559533641,1.9,190.0,2310.0,2500.0,0.0,0.0,0.0
ASTS241018P00025000,ASTS,25.0,2024-10-18,46,0.7142907057971056,3.2,320.0,2180.0,2500.0,0.0,0.0,0.0
ATHA240920P00002500,ATHA,2.5,2024-09-20,18,0.7440701705231667,0.45,45.0,204.99999999999997,250.0,4.0,180.0,820.0
ATHA241018P00002500,ATHA,2.5,2024-10-18,46,0.7744349181713193,1.0,100.0,150.0,250.0,4.0,400.0,600.0
AVGO240906P00152500,AVGO,152.5,2024-09-06,4,0.7706059183216032,2.8,280.0,14969.999999999998,15250.0,0.0,0.0,0.0
AVGO240906P00155000,AVGO,155.0,2024-09-06,4,0.715056078649931,3.2,320.0,15180.000000000002,15500.0,0.0,0.0,0.0
AVGO240906P00157500,AVGO,157.5,2024-09-06,4,0.6559239297299952,4.0,400.0,15350.0,15750.0,0.0,0.0,0.0
AVGO240913P00150000,AVGO,150.0,2024-09-13,11,0.789266090553287,4.4,440.00000000000006,14560.0,15000.0,0.0,0.0,0.0
AVGO240913P00155000,AVGO,155.0,2024-09-13,11,0.6884035317235642,5.9,590.0,14910.0,15500.0,0.0,0.0,0.0
AVGO240920P00150000,AVGO,150.0,2024-09-20,18,0.7695987254991126,4.1,409.99999999999994,14590.0,15000.0,0.0,0.0,0.0
AVGO240920P00151000,AVGO,151.0,2024-09-20,18,0.7423172750925617,5.0,500.0,14600.0,15100.0,0.0,0.0,0.0
AVGO240920P00152000,AVGO,152.0,2024-09-20,18,0.736023709187423,5.6,560.0,14640.0,15200.0,0.0,0.0,0.0
AVGO240920P00153000,AVGO,153.0,2024-09-20,18,0.7107124952296155,5.9,590.0,14710.0,15300.0,0.0,0.0,0.0
AVGO240920P00155000,AVGO,155.0,2024-09-20,18,0.6818273958404255,6.6,660.0,14840.0,15500.0,0.0,0.0,0.0
AVGO240920P00157000,AVGO,157.0,2024-09-20,18,0.6342997910267776,7.2,720.0,14980.000000000002,15700.0,0.0,0.0,0.0
AVGO241018P00145000,AVGO,145.0,2024-10-18,46,0.7877512176444561,3.8,380.0,14119.999999999998,14500.0,0.0,0.0,0.0
AVGO241018P00150000,AVGO,150.0,2024-10-18,46,0.7286111896776648,6.5,650.0,14350.0,15000.0,0.0,0.0,0.0
AXP241018P00240000,AXP,240.0,2024-10-18,46,0.7978765861908699,2.93,293.0,23707.0,24000.0,0.0,0.0,0.0
AXP241018P00250000,AXP,250.0,2024-10-18,46,0.6746503324598137,5.45,545.0,24455.0,25000.0,0.0,0.0,0.0
AZN240913P00085000,AZN,85.0,2024-09-13,11,0.7735473396232593,0.53,53.0,8447.0,8500.0,0.0,0.0,0.0
AZN240920P00085000,AZN,85.0,2024-09-20,18,0.7527978628837826,0.61,61.0,8439.0,8500.0,0.0,0.0,0.0
AZUL240920P00002500,AZUL,2.5,2024-09-20,18,0.6940142966579844,0.3,30.0,220.00000000000003,250.0,4.0,120.0,880.0
BA240906P00170000,BA,170.0,2024-09-06,4,0.7228024866073435,1.25,125.0,16875.0,17000.0,0.0,0.0,0.0
BA240920P00165000,BA,165.0,2024-09-20,18,0.7701464747176991,2.02,202.0,16297.999999999998,16500.0,0.0,0.0,0.0
BA240920P00170000,BA,170.0,2024-09-20,18,0.6392770167867112,3.4,340.0,16660.0,17000.0,0.0,0.0,0.0
BA241018P00160000,BA,160.0,2024-10-18,46,0.7897384659396364,2.88,288.0,15712.0,16000.0,0.0,0.0,0.0
BA241018P00165000,BA,165.0,2024-10-18,46,0.7072390585268387,4.05,405.0,16094.999999999998,16500.0,0.0,0.0,0.0
BABA240906P00081000,BABA,81.0,2024-09-06,4,0.7534337060898905,0.56,56.00000000000001,8044.0,8100.0,0.0,0.0,0.0
BABA240920P00080000,BABA,80.0,2024-09-20,18,0.7324216385891537,1.77,177.0,7823.0,8000.0,0.0,0.0,0.0
BABA240920P00081000,BABA,81.0,2024-09-20,18,0.6760189947523862,1.65,165.0,7934.999999999999,8100.0,0.0,0.0,0.0
BABA241018P00077500,BABA,77.5,2024-10-18,46,0.7754861090058791,1.42,142.0,7608.0,7750.0,0.0,0.0,0.0
BABA241018P00080000,BABA,80.0,2024-10-18,46,0.6856046599725418,2.23,223.0,7777.0,8000.0,0.0,0.0,0.0
BAC240906P00040000,BAC,40.0,2024-09-06,4,0.7306987607657737,0.24,24.0,3976.0,4000.0,0.0,0.0,0.0
BAC240920P00039500,BAC,39.5,2024-09-20,18,0.7346788379925008,0.38,38.0,3911.9999999999995,3950.0,0.0,0.0,0.0
BAC240920P00040000,BAC,40.0,2024-09-20,18,0.6665336235271929,0.61,61.0,3939.0,4000.0,0.0,0.0,0.0
BAC240927P00039000,BAC,39.0,2024-09-27,25,0.7889797303512575,0.35,35.0,3865.0,3900.0,0.0,0.0,0.0
BAC241018P00038000,BAC,38.0,2024-10-18,46,0.7979340258868118,0.49,49.0,3751.0,3800.0,0.0,0.0,0.0
BAC241018P00039000,BAC,39.0,2024-10-18,46,0.7239798880316768,0.72,72.0,3828.0,3900.0,0.0,0.0,0.0
BAC241018P00040000,BAC,40.0,2024-10-18,46,0.6240982344733539,1.05,105.0,3895.0000000000005,4000.0,0.0,0.0,0.0
BBWI240920P00030000,BBWI,30.0,2024-09-20,18,0.633063815303674,0.75,75.0,2925.0,3000.0,0.0,0.0,0.0
BDTX240920P00005000,BDTX,5.0,2024-09-20,18,0.7371985401489229,1.15,114.99999999999999,385.0,500.0,2.0,229.99999999999997,770.0
BE240920P00011000,BE,11.0,2024-09-20,18,0.7337091618503603,0.35,35.0,1065.0,1100.0,0.0,0.0,0.0
BGS240920P00008000,BGS,8.0,2024-09-20,18,0.7464340245169059,0.15,15.0,785.0,800.0,1.0,15.0,785.0
BIDU240906P00083000,BIDU,83.0,2024-09-06,4,0.7038120837025507,0.65,65.0,8235.0,8300.0,0.0,0.0,0.0
BIDU240920P00080000,BIDU,80.0,2024-09-20,18,0.7936807058348611,0.77,77.0,7923.0,8000.0,0.0,0.0,0.0
BIG240920P00000500,BIG,0.5,2024-09-20,18,0.6734132244636803,0.1,10.0,40.0,50.0,20.0,200.0,800.0
BIG241018P00000500,BIG,0.5,2024-10-18,46,0.7119062816793115,0.2,20.0,30.0,50.0,20.0,400.0,600.0
BMRN240920P00087500,BMRN,87.5,2024-09-20,18,0.6971295929085348,1.65,165.0,8585.0,8750.0,0.0,0.0,0.0
BMY240920P00048000,BMY,48.0,2024-09-20,18,0.7883215120650338,0.48,48.0,4752.0,4800.0,0.0,0.0,0.0
BP241018P00033000,BP,33.0,2024-10-18,46,0.7088335431274073,0.47,47.0,3253.0,3300.0,0.0,0.0,0.0
BXSL240920P00030000,BXSL,30.0,2024-09-20,18,0.6012436266279094,0.35,35.0,2965.0,3000.0,0.0,0.0,0.0
BYND240913P00005500,BYND,5.5,2024-09-13,11,0.7609857454263788,0.2,20.0,530.0,550.0,1.0,20.0,530.0
BYND240920P00005500,BYND,5.5,2024-09-20,18,0.6978664147985183,0.43,43.0,507.0,550.0,1.0,43.0,507.0
BYND241018P00005000,BYND,5.0,2024-10-18,46,0.7440284819087515,0.66,66.0,434.0,500.0,2.0,132.0,868.0
C240906P00062000,C,62.0,2024-09-06,4,0.658972989329269,0.42,42.0,6158.0,6200.0,0.0,0.0,0.0
C240913P00061000,C,61.0,2024-09-13,11,0.739719458864005,0.46,46.0,6054.0,6100.0,0.0,0.0,0.0
C240913P00062000,C,62.0,2024-09-13,11,0.6174376805063739,0.76,76.0,6124.0,6200.0,0.0,0.0,0.0
C240920P00060000,C,60.0,2024-09-20,18,0.7819117399550944,0.44,44.0,5956.0,6000.0,0.0,0.0,0.0
C240920P00062000,C,62.0,2024-09-20,18,0.604745454657001,1.19,119.0,6081.0,6200.0,0.0,0.0,0.0
C241018P00060000,C,60.0,2024-10-18,46,0.7164320491455627,1.17,117.0,5883.0,6000.0,0.0,0.0,0.0
CAT241018P00350000,CAT,350.0,2024-10-18,46,0.6236602035547442,8.15,815.0,34185.0,35000.0,0.0,0.0,0.0
CAVA241018P00100000,CAVA,100.0,2024-10-18,46,0.7981351540128956,2.65,265.0,9735.0,10000.0,0.0,0.0,0.0
CAVA241018P00105000,CAVA,105.0,2024-10-18,46,0.7130008574872535,4.0,400.0,10100.0,10500.0,0.0,0.0,0.0
CBOE241018P00200000,CBOE,200.0,2024-10-18,46,0.6796858606450262,3.6,360.0,19640.0,20000.0,0.0,0.0,0.0
CCL240906P00016000,CCL,16.0,2024-09-06,4,0.7509108110183697,0.13,13.0,1587.0,1600.0,0.0,0.0,0.0
CCL240920P00016000,CCL,16.0,2024-09-20,18,0.6581323204998819,0.35,35.0,1565.0,1600.0,0.0,0.0,0.0
CCL241018P00015000,CCL,15.0,2024-10-18,46,0.7518873711683104,0.45,45.0,1455.0,1500.0,0.0,0.0,0.0
CCL241018P00016000,CCL,16.0,2024-10-18,46,0.6163829029188433,0.79,79.0,1521.0,1600.0,0.0,0.0,0.0
CDW240920P00220000,CDW,220.0,2024-09-20,18,0.7200175762575222,2.25,225.0,21775.0,22000.0,0.0,0.0,0.0
CELH240906P00036000,CELH,36.0,2024-09-06,4,0.7718993771929266,0.46,46.0,3554.0,3600.0,0.0,0.0,0.0
CELH240920P00035000,CELH,35.0,2024-09-20,18,0.7520461801935797,0.89,89.0,3411.0,3500.0,0.0,0.0,0.0
CENX240920P00013000,CENX,13.0,2024-09-20,18,0.7940761710905393,0.3,30.0,1270.0,1300.0,0.0,0.0,0.0
CGC241018P00005000,CGC,5.0,2024-10-18,46,0.6245016100865605,0.69,69.0,431.00000000000006,500.0,2.0,138.0,862.0
CHH240920P00125000,CHH,125.0,2024-09-20,18,0.6218155540444548,4.8,480.0,12020.0,12500.0,0.0,0.0,0.0
CHRW240920P00100000,CHRW,100.0,2024-09-20,18,0.7432356551016,0.85,85.0,9915.0,10000.0,0.0,0.0,0.0
CHWY240920P00027500,CHWY,27.5,2024-09-20,18,0.6500552898760718,0.81,81.0,2669.0,2750.0,0.0,0.0,0.0
CHWY241018P00027500,CHWY,27.5,2024-10-18,46,0.6277500037853792,1.46,146.0,2604.0,2750.0,0.0,0.0,0.0
CLF240920P00012000,CLF,12.0,2024-09-20,18,0.7902656992263404,0.18,18.0,1182.0,1200.0,0.0,0.0,0.0
CLF241018P00012000,CLF,12.0,2024-10-18,46,0.7327849479034323,0.4,40.0,1160.0,1200.0,0.0,0.0,0.0
CLOV240906P00002500,CLOV,2.5,2024-09-06,4,0.6844721348740336,0.1,10.0,240.0,250.0,4.0,40.0,960.0
CLOV240913P00002500,CLOV,2.5,2024-09-13,11,0.6389673617889271,0.18,18.0,231.99999999999997,250.0,4.0,72.0,928.0
CLOV240920P00002500,CLOV,2.5,2024-09-20,18,0.6354671895156799,0.22,22.0,227.99999999999997,250.0,4.0,88.0,912.0
CLSK240906P00010000,CLSK,10.0,2024-09-06,4,0.7738563262915397,0.15,15.0,985.0,1000.0,1.0,15.0,985.0
CLSK240913P00010000,CLSK,10.0,2024-09-13,11,0.7036011464311184,0.36,36.0,964.0,1000.0,1.0,36.0,964.0
CLSK240920P00010000,CLSK,10.0,2024-09-20,18,0.6746920435564959,0.5,50.0,950.0,1000.0,1.0,50.0,950.0
CMCSA240906P00039000,CMCSA,39.0,2024-09-06,4,0.6878744206072366,0.28,28.000000000000004,3872.0,3900.0,0.0,0.0,0.0
CMG240906P00055000,CMG,55.0,2024-09-06,4,0.7000983603071198,0.4,40.0,5460.0,5500.0,0.0,0.0,0.0
CMG240920P00054000,CMG,54.0,2024-09-20,18,0.7224113764143241,0.75,75.0,5325.0,5400.0,0.0,0.0,0.0
CMG240920P00055000,CMG,55.0,2024-09-20,18,0.6360710525388287,1.05,105.0,5395.0,5500.0,0.0,0.0,0.0
CMG241018P00055000,CMG,55.0,2024-10-18,46,0.6124565424835478,1.8,180.0,5320.0,5500.0,0.0,0.0,0.0
COF240920P00140000,COF,140.0,2024-09-20,18,0.7900596608958915,1.2,120.0,13880.000000000002,14000.0,0.0,0.0,0.0
COGT240920P00010000,COGT,10.0,2024-09-20,18,0.6620743838005873,2.95,295.0,705.0,1000.0,1.0,295.0,705.0
COIN240906P00175000,COIN,175.0,2024-09-06,4,0.735721311386888,2.52,252.0,17248.0,17500.0,0.0,0.0,0.0
COIN240906P00180000,COIN,180.0,2024-09-06,4,0.6099202350607177,4.3,430.0,17570.0,18000.0,0.0,0.0,0.0
COIN240920P00165000,COIN,165.0,2024-09-20,18,0.7850509770228138,3.7,370.0,16130.000000000002,16500.0,0.0,0.0,0.0
COIN240920P00170000,COIN,170.0,2024-09-20,18,0.7263604195904039,5.5,550.0,16450.0,17000.0,0.0,0.0,0.0
COIN240920P00175000,COIN,175.0,2024-09-20,18,0.6575050594010936,7.8,780.0,16720.0,17500.0,0.0,0.0,0.0
COIN241018P00160000,COIN,160.0,2024-10-18,46,0.7657462092195195,6.75,675.0,15325.0,16000.0,0.0,0.0,0.0
COIN241018P00165000,COIN,165.0,2024-10-18,46,0.7235193334503845,10.35,1035.0,15465.0,16500.0,0.0,0.0,0.0
COIN241018P00170000,COIN,170.0,2024-10-18,46,0.6793822160482522,11.0,1100.0,15900.0,17000.0,0.0,0.0,0.0
COIN241018P00175000,COIN,175.0,2024-10-18,46,0.6335909634602839,13.3,1330.0,16169.999999999998,17500.0,0.0,0.0,0.0
COP240920P00110000,COP,110.0,2024-09-20,18,0.7454816503622177,0.89,89.0,10911.0,11000.0,0.0,0.0,0.0
CORZ240920P00009000,CORZ,9.0,2024-09-20,18,0.7948128840021415,0.25,25.0,875.0,900.0,1.0,25.0,875.0
CORZ240920P00010000,CORZ,10.0,2024-09-20,18,0.6064312194075356,0.6,60.0,940.0,1000.0,1.0,60.0,940.0
CRBG240920P00029000,CRBG,29.0,2024-09-20,18,0.6277947630523716,0.7,70.0,2830.0,2900.0,0.0,0.0,0.0
CRK240920P00010000,CRK,10.0,2024-09-20,18,0.7351360631942937,0.25,25.0,975.0,1000.0,1.0,25.0,975.0
CRM240906P00247500,CRM,247.5,2024-09-06,4,0.7579525694577581,1.33,133.0,24617.0,24750.0,0.0,0.0,0.0
CRM240906P00250000,CRM,250.0,2024-09-06,4,0.6513176838412205,1.95,195.0,24805.0,25000.0,0.0,0.0,0.0
CRM240920P00250000,CRM,250.0,2024-09-20,18,0.6016081997555021,4.4,440.00000000000006,24560.0,25000.0,0.0,0.0,0.0
CRM241011P00240000,CRM,240.0,2024-10-11,39,0.7506090955869188,3.8,380.0,23620.0,24000.0,0.0,0.0,0.0
CRM241018P00240000,CRM,240.0,2024-10-18,46,0.7426455270726979,4.0,400.0,23600.0,24000.0,0.0,0.0,0.0
CRWD240920P00260000,CRWD,260.0,2024-09-20,18,0.7774138669465255,3.6,360.0,25639.999999999996,26000.0,0.0,0.0,0.0
CRWD240920P00270000,CRWD,270.0,2024-09-20,18,0.6417176764516375,6.9,690.0,26310.000000000004,27000.0,0.0,0.0,0.0
CRWD241018P00250000,CRWD,250.0,2024-10-18,46,0.7946933807008829,5.1,509.99999999999994,24490.0,25000.0,0.0,0.0,0.0
CRWD241018P00260000,CRWD,260.0,2024-10-18,46,0.7122802876884265,7.7,770.0,25230.0,26000.0,0.0,0.0,0.0
CRWD241018P00270000,CRWD,270.0,2024-10-18,46,0.6184822010560604,11.35,1135.0,25864.999999999996,27000.0,0.0,0.0,0.0
CSCO240906P00050000,CSCO,50.0,2024-09-06,4,0.7374799840163095,0.16,16.0,4984.0,5000.0,0.0,0.0,0.0
CSCO240920P00050000,CSCO,50.0,2024-09-20,18,0.6508015639131962,0.45,45.0,4955.0,5000.0,0.0,0.0,0.0
CSCO241018P00050000,CSCO,50.0,2024-10-18,46,0.6195367763150587,0.93,93.0,4907.0,5000.0,0.0,0.0,0.0
CVNA240906P00145000,CVNA,145.0,2024-09-06,4,0.7429773107939767,1.67,167.0,14333.000000000002,14500.0,0.0,0.0,0.0
CVNA240920P00140000,CVNA,140.0,2024-09-20,18,0.7496322498879394,3.2,320.0,13680.000000000002,14000.0,0.0,0.0,0.0
CVNA241018P00130000,CVNA,130.0,2024-10-18,46,0.7901645775257806,4.55,455.0,12545.0,13000.0,0.0,0.0,0.0
CVS240906P00056000,CVS,56.0,2024-09-06,4,0.7509890085234616,0.33,33.0,5567.0,5600.0,0.0,0.0,0.0
CVS240920P00055000,CVS,55.0,2024-09-20,18,0.7640628328398281,0.55,55.00000000000001,5445.0,5500.0,0.0,0.0,0.0
CVS241018P00055000,CVS,55.0,2024-10-18,46,0.6990077201974061,1.26,126.0,5374.0,5500.0,0.0,0.0,0.0
CVX240920P00144000,CVX,144.0,2024-09-20,18,0.766417806451631,0.96,96.0,14304.0,14400.0,0.0,0.0,0.0
CVX240920P00145000,CVX,145.0,2024-09-20,18,0.7156390618305049,1.18,118.0,14382.0,14500.0,0.0,0.0,0.0
CWH240920P00020000,CWH,20.0,2024-09-20,18,0.7922981579622901,0.35,35.0,1964.9999999999998,2000.0,0.0,0.0,0.0
CXW241018P00012000,CXW,12.0,2024-10-18,46,0.7747156024966719,0.3,30.0,1170.0,1200.0,0.0,0.0,0.0
D240920P00055000,D,55.0,2024-09-20,18,0.6586255980798553,0.55,55.00000000000001,5445.0,5500.0,0.0,0.0,0.0
DAL241018P00040000,DAL,40.0,2024-10-18,46,0.7038317655301651,1.23,123.0,3877.0000000000005,4000.0,0.0,0.0,0.0
DAL241018P00041000,DAL,41.0,2024-10-18,46,0.6423142186435387,1.57,157.0,3943.0,4100.0,0.0,0.0,0.0
DASH241018P00120000,DASH,120.0,2024-10-18,46,0.7566068287190486,2.19,219.0,11781.0,12000.0,0.0,0.0,0.0
DASH241018P00125000,DASH,125.0,2024-10-18,46,0.6399332781792683,3.7,370.0,12130.0,12500.0,0.0,0.0,0.0
DBI241018P00006000,DBI,6.0,2024-10-18,46,0.6926121524357322,0.5,50.0,550.0,600.0,1.0,50.0,550.0
DDOG241018P00110000,DDOG,110.0,2024-10-18,46,0.7129601969683415,2.74,274.0,10726.0,11000.0,0.0,0.0,0.0
DE240920P00380000,DE,380.0,2024-09-20,18,0.6218443190619707,4.35,434.99999999999994,37565.0,38000.0,0.0,0.0,0.0
DEI241018P00015000,DEI,15.0,2024-10-18,46,0.7391747713994458,0.4,40.0,1460.0,1500.0,0.0,0.0,0.0
DELL240906P00111000,DELL,111.0,2024-09-06,4,0.7702260701309912,1.1,110.00000000000001,10990.0,11100.0,0.0,0.0,0.0
DELL240906P00112000,DELL,112.0,2024-09-06,4,0.7170328285382472,1.35,135.0,11065.0,11200.0,0.0,0.0,0.0
DELL240920P00110000,DELL,110.0,2024-09-20,18,0.7119499048843169,2.35,235.0,10765.0,11000.0,0.0,0.0,0.0
DELL240920P00111000,DELL,111.0,2024-09-20,18,0.6832275158134796,2.7,270.0,10830.0,11100.0,0.0,0.0,0.0
DELL241018P00105000,DELL,105.0,2024-10-18,46,0.768388770468973,2.75,275.0,10225.0,10500.0,0.0,0.0,0.0
DELL241018P00110000,DELL,110.0,2024-10-18,46,0.668112935520698,4.4,440.00000000000006,10560.0,11000.0,0.0,0.0,0.0
DG240906P00080000,DG,80.0,2024-09-06,4,0.790277339084467,0.51,51.0,7948.999999999999,8000.0,0.0,0.0,0.0
DG240920P00080000,DG,80.0,2024-09-20,18,0.7106554993089158,1.33,133.0,7867.0,8000.0,0.0,0.0,0.0
DG241018P00080000,DG,80.0,2024-10-18,46,0.6605005276213503,2.48,248.0,7752.0,8000.0,0.0,0.0,0.0
DHR240906P00262500,DHR,262.5,2024-09-06,4,0.7950460924103472,1.1,110.00000000000001,26139.999999999996,26250.0,0.0,0.0,0.0
DIS240906P00089000,DIS,89.0,2024-09-06,4,0.7468269131705795,0.36,36.0,8864.0,8900.0,0.0,0.0,0.0
DIS241018P00085000,DIS,85.0,2024-10-18,46,0.7991716419521102,0.86,86.0,8414.0,8500.0,0.0,0.0,0.0
DJT240906P00018000,DJT,18.0,2024-09-06,4,0.7443562428107515,0.46,46.0,1754.0,1800.0,0.0,0.0,0.0
DJT240906P00019000,DJT,19.0,2024-09-06,4,0.6060313194717957,1.0,100.0,1800.0,1900.0,0.0,0.0,0.0
DJT240920P00016000,DJT,16.0,2024-09-20,18,0.7609322676761674,1.33,133.0,1467.0,1600.0,0.0,0.0,0.0
DJT241018P00015000,DJT,15.0,2024-10-18,46,0.7688504350114929,2.5,250.0,1250.0,1500.0,0.0,0.0,0.0
DKNG240906P00033000,DKNG,33.0,2024-09-06,4,0.7739413383473934,0.32,32.0,3268.0,3300.0,0.0,0.0,0.0
DKNG240906P00033500,DKNG,33.5,2024-09-06,4,0.6916653208810715,0.45,45.0,3304.9999999999995,3350.0,0.0,0.0,0.0
DKNG240906P00034000,DKNG,34.0,2024-09-06,4,0.6083931073619174,0.63,63.0,3336.9999999999995,3400.0,0.0,0.0,0.0
DKNG240920P00033000,DKNG,33.0,2024-09-20,18,0.6883609397907421,0.82,82.0,3218.0,3300.0,0.0,0.0,0.0
DLTR240906P00080000,DLTR,80.0,2024-09-06,4,0.6690121016824556,5.05,505.0,7495.0,8000.0,0.0,0.0,0.0
DLTR240920P00075000,DLTR,75.0,2024-09-20,18,0.7942679253818157,1.84,184.0,7316.0,7500.0,0.0,0.0,0.0
DLTR240920P00080000,DLTR,80.0,2024-09-20,18,0.664889544968047,3.45,345.0,7655.0,8000.0,0.0,0.0,0.0
DOMO240920P00007000,DOMO,7.0,2024-09-20,18,0.791794521734503,0.1,10.0,690.0,700.0,1.0,10.0,690.0
DOW240920P00052500,DOW,52.5,2024-09-20,18,0.6928424754485732,0.49,49.0,5201.0,5250.0,0.0,0.0,0.0
DVN240913P00044000,DVN,44.0,2024-09-13,11,0.6345992479695838,0.64,64.0,4336.0,4400.0,0.0,0.0,0.0
DVN241018P00042500,DVN,42.5,2024-10-18,46,0.7336969465302532,0.75,75.0,4175.0,4250.0,0.0,0.0,0.0
EL240920P00090000,EL,90.0,2024-09-20,18,0.6212682791351243,1.95,195.0,8805.0,9000.0,0.0,0.0,0.0
ENPH240906P00118000,ENPH,118.0,2024-09-06,4,0.6809998014988716,1.55,155.0,11645.0,11800.0,0.0,0.0,0.0
ENVX240906P00009000,ENVX,9.0,2024-09-06,4,0.7396009927117525,0.17,17.0,883.0,900.0,1.0,17.0,883.0
ENVX240913P00009000,ENVX,9.0,2024-09-13,11,0.6782416007735892,0.33,33.0,867.0,900.0,1.0,33.0,867.0
ENVX240920P00009000,ENVX,9.0,2024-09-20,18,0.6589975255800293,0.44,44.0,856.0,900.0,1.0,44.0,856.0
ENVX241018P00009000,ENVX,9.0,2024-10-18,46,0.639575577965704,0.81,81.0,819.0,900.0,1.0,81.0,819.0
EOSE241018P00002500,EOSE,2.5,2024-10-18,46,0.647840923665494,0.42,42.0,208.0,250.0,4.0,168.0,832.0
EPD240906P00029000,EPD,29.0,2024-09-06,4,0.7251744846156594,0.07,7.000000000000001,2893.0,2900.0,0.0,0.0,0.0
EPD240920P00029000,EPD,29.0,2024-09-20,18,0.6924257092763387,0.17,17.0,2883.0,2900.0,0.0,0.0,0.0
EPM241018P00005000,EPM,5.0,2024-10-18,46,0.6204318358357905,0.3,30.0,470.0,500.0,2.0,60.0,940.0
EQH240920P00040000,EQH,40.0,2024-09-20,18,0.7889960555050108,0.25,25.0,3975.0,4000.0,0.0,0.0,0.0
ERO241018P00020000,ERO,20.0,2024-10-18,46,0.6493318676522615,1.75,175.0,1825.0,2000.0,0.0,0.0,0.0
ET240906P00016000,ET,16.0,2024-09-06,4,0.6691327796193299,0.07,7.000000000000001,1593.0,1600.0,0.0,0.0,0.0
ET240920P00016000,ET,16.0,2024-09-20,18,0.60980295532973,0.17,17.0,1583.0,1600.0,0.0,0.0,0.0
ET241018P00016000,ET,16.0,2024-10-18,46,0.609255655803688,0.31,31.0,1569.0,1600.0,0.0,0.0,0.0
ETSY240906P00054000,ETSY,54.0,2024-09-06,4,0.6968200845664188,0.47,47.0,5353.0,5400.0,0.0,0.0,0.0
EVH240920P00030000,EVH,30.0,2024-09-20,18,0.7561684834320538,0.55,55.00000000000001,2945.0,3000.0,0.0,0.0,0.0
EVH241018P00030000,EVH,30.0,2024-10-18,46,0.7022427525860115,0.95,95.0,2905.0,3000.0,0.0,0.0,0.0
EXAS240920P00060000,EXAS,60.0,2024-09-20,18,0.6300070124683681,1.9,190.0,5810.0,6000.0,0.0,0.0,0.0
EXEL241018P00024000,EXEL,24.0,2024-10-18,46,0.6966302241997687,1.45,145.0,2255.0,2400.0,0.0,0.0,0.0
EXK240920P00003000,EXK,3.0,2024-09-20,18,0.60145566473371,0.2,20.0,280.0,300.0,3.0,60.0,840.0
F240906P00011000,F,11.0,2024-09-06,4,0.7096995601949821,0.07,7.000000000000001,1093.0,1100.0,0.0,0.0,0.0
F240913P00011000,F,11.0,2024-09-13,11,0.659674948608496,0.15,15.0,1085.0,1100.0,0.0,0.0,0.0
F240920P00010820,F,10.82,2024-09-20,18,0.7344108474297973,0.13,13.0,1069.0,1082.0,0.0,0.0,0.0
F240920P00011000,F,11.0,2024-09-20,18,0.6386330442198275,0.19,19.0,1081.0,1100.0,0.0,0.0,0.0
F240927P00011000,F,11.0,2024-09-27,25,0.6319767005320504,0.24,24.0,1076.0,1100.0,0.0,0.0,0.0
F241018P00011000,F,11.0,2024-10-18,46,0.6135927522936693,0.34,34.0,1066.0,1100.0,0.0,0.0,0.0
FCX240920P00042000,FCX,42.0,2024-09-20,18,0.7740817424589227,0.48,48.0,4152.0,4200.0,0.0,0.0,0.0
FIVE240920P00070000,FIVE,70.0,2024-09-20,18,0.7603793775729224,1.4,140.0,6859.999999999999,7000.0,0.0,0.0,0.0
FLYW240920P00017500,FLYW,17.5,2024-09-20,18,0.6127416120435765,2.7,270.0,1480.0,1750.0,0.0,0.0,0.0
FUBO240920P00001500,FUBO,1.5,2024-09-20,18,0.7160217323166619,0.08,8.0,142.0,150.0,6.0,48.0,852.0
GAP240920P00022000,GAP,22.0,2024-09-20,18,0.6059455732266853,0.7,70.0,2130.0,2200.0,0.0,0.0,0.0
GH241018P00022500,GH,22.5,2024-10-18,46,0.7811276155262163,0.85,85.0,2165.0,2250.0,0.0,0.0,0.0
GILD240920P00077500,GILD,77.5,2024-09-20,18,0.6636420120335484,1.04,104.0,7645.999999999999,7750.0,0.0,0.0,0.0
GLW240920P00040000,GLW,40.0,2024-09-20,18,0.782954160979639,0.35,35.0,3965.0,4000.0,0.0,0.0,0.0
GM240920P00048000,GM,48.0,2024-09-20,18,0.752901927943703,0.47,47.0,4753.0,4800.0,0.0,0.0,0.0
GM240920P00048500,GM,48.5,2024-09-20,18,0.6972019733512048,0.6,60.0,4790.0,4850.0,0.0,0.0,0.0
GM240920P00049000,GM,49.0,2024-09-20,18,0.6356734787477464,0.75,75.0,4825.0,4900.0,0.0,0.0,0.0
GM241018P00047000,GM,47.0,2024-10-18,46,0.7418256195880754,0.85,85.0,4615.0,4700.0,0.0,0.0,0.0
GM241018P00048000,GM,48.0,2024-10-18,46,0.6798389538533998,1.13,112.99999999999999,4687.0,4800.0,0.0,0.0,0.0
GME240906P00022000,GME,22.0,2024-09-06,4,0.7528398999360414,0.37,37.0,2163.0,2200.0,0.0,0.0,0.0
GME240906P00022500,GME,22.5,2024-09-06,4,0.6718538598793966,0.66,66.0,2184.0,2250.0,0.0,0.0,0.0
GME240913P00021000,GME,21.0,2024-09-13,11,0.7433291305535533,0.98,98.0,2002.0,2100.0,0.0,0.0,0.0
GME240913P00022000,GME,22.0,2024-09-13,11,0.660030476460514,1.28,128.0,2072.0,2200.0,0.0,0.0,0.0
GME240920P00021000,GME,21.0,2024-09-20,18,0.7288592694674983,1.27,127.0,1973.0,2100.0,0.0,0.0,0.0
GME240920P00022000,GME,22.0,2024-09-20,18,0.6524393145047185,1.51,151.0,2049.0,2200.0,0.0,0.0,0.0
GME241018P00020000,GME,20.0,2024-10-18,46,0.7519099923993617,1.35,135.0,1864.9999999999998,2000.0,0.0,0.0,0.0
GOLD241018P00019000,GOLD,19.0,2024-10-18,46,0.7559434743587605,0.33,33.0,1867.0000000000002,1900.0,0.0,0.0,0.0
GOOG240906P00162500,GOOG,162.5,2024-09-06,4,0.7156719799429457,0.93,93.0,16157.0,16250.0,0.0,0.0,0.0
GOOG240913P00160000,GOOG,160.0,2024-09-13,11,0.7745633777531185,1.09,109.00000000000001,15891.0,16000.0,0.0,0.0,0.0
GOOG240920P00160000,GOOG,160.0,2024-09-20,18,0.730401122786735,2.01,200.99999999999997,15799.0,16000.0,0.0,0.0,0.0
GOOG241018P00155000,GOOG,155.0,2024-10-18,46,0.7836106955055618,2.03,202.99999999999997,15297.0,15500.0,0.0,0.0,0.0
GOOG241018P00160000,GOOG,160.0,2024-10-18,46,0.6786802949524194,3.3,330.0,15669.999999999998,16000.0,0.0,0.0,0.0
GOOGL240906P00160000,GOOGL,160.0,2024-09-06,4,0.7695154624433984,0.72,72.0,15928.0,16000.0,0.0,0.0,0.0
GOOGL240913P00160000,GOOGL,160.0,2024-09-13,11,0.7017559433742866,1.46,146.0,15854.0,16000.0,0.0,0.0,0.0
GOOGL240920P00157500,GOOGL,157.5,2024-09-20,18,0.7586821257138928,1.43,143.0,15607.0,15750.0,0.0,0.0,0.0
GOOGL240920P00160000,GOOGL,160.0,2024-09-20,18,0.6725519964799618,2.05,204.99999999999997,15794.999999999998,16000.0,0.0,0.0,0.0
GOOGL241018P00155000,GOOGL,155.0,2024-10-18,46,0.7543648350372466,2.33,233.0,15266.999999999998,15500.0,0.0,0.0,0.0
GOOGL241018P00160000,GOOGL,160.0,2024-10-18,46,0.6368530762039872,3.8,380.0,15619.999999999998,16000.0,0.0,0.0,0.0
GSK240920P00042000,GSK,42.0,2024-09-20,18,0.7530083858219255,0.25,25.0,4175.0,4200.0,0.0,0.0,0.0
HEAR241018P00014000,HEAR,14.0,2024-10-18,46,0.7453032250209273,0.4,40.0,1360.0,1400.0,0.0,0.0,0.0
HIMS240906P00014000,HIMS,14.0,2024-09-06,4,0.7429561416235131,0.2,20.0,1380.0,1400.0,0.0,0.0,0.0
HIMS240920P00014000,HIMS,14.0,2024-09-20,18,0.675762766871356,0.5,50.0,1350.0,1400.0,0.0,0.0,0.0
HIMS241018P00014000,HIMS,14.0,2024-10-18,46,0.6438951196046854,0.9,90.0,1310.0,1400.0,0.0,0.0,0.0
HLT240920P00210000,HLT,210.0,2024-09-20,18,0.7978807197804798,1.2,120.0,20880.0,21000.0,0.0,0.0,0.0
HOOD240906P00019500,HOOD,19.5,2024-09-06,4,0.7058889367951731,0.26,26.0,1923.9999999999998,1950.0,0.0,0.0,0.0
HOOD240913P00019500,HOOD,19.5,2024-09-13,11,0.6506652732586133,0.48,48.0,1902.0,1950.0,0.0,0.0,0.0
HPQ240906P00035500,HPQ,35.5,2024-09-06,4,0.7357898472714818,0.2,20.0,3529.9999999999995,3550.0,0.0,0.0,0.0
HPQ240920P00035000,HPQ,35.0,2024-09-20,18,0.7248904721192254,0.42,42.0,3458.0,3500.0,0.0,0.0,0.0
HPQ241018P00035000,HPQ,35.0,2024-10-18,46,0.6778766523687358,0.76,76.0,3424.0,3500.0,0.0,0.0,0.0
HRL240920P00032000,HRL,32.0,2024-09-20,18,0.6126940917717444,0.75,75.0,3125.0,3200.0,0.0,0.0,0.0
HROW240920P00037000,HROW,37.0,2024-09-20,18,0.7261507003089597,0.95,95.0,3604.9999999999995,3700.0,0.0,0.0,0.0
HUM240906P00350000,HUM,350.0,2024-09-06,4,0.618653205407058,4.7,470.0,34530.0,35000.0,0.0,0.0,0.0
IBM241018P00195000,IBM,195.0,2024-10-18,46,0.7512717382118012,2.22,222.00000000000003,19278.0,19500.0,0.0,0.0,0.0
IBM241018P00200000,IBM,200.0,2024-10-18,46,0.6161690516302395,3.75,375.0,19625.0,20000.0,0.0,0.0,0.0
IMXI240920P00017500,IMXI,17.5,2024-09-20,18,0.655485161014418,1.05,105.0,1645.0,1750.0,0.0,0.0,0.0
INTC240906P00021000,INTC,21.0,2024-09-06,4,0.7962160893421069,0.16,16.0,2084.0,2100.0,0.0,0.0,0.0
INTC240906P00021500,INTC,21.5,2024-09-06,4,0.6750831657405176,0.3,30.0,2120.0,2150.0,0.0,0.0,0.0
INTC240913P00021000,INTC,21.0,2024-09-13,11,0.7375326919167862,0.31,31.0,2069.0,2100.0,0.0,0.0,0.0
INTC240920P00020500,INTC,20.5,2024-09-20,18,0.7796037827264622,0.31,31.0,2019.0000000000002,2050.0,0.0,0.0,0.0
INTC240920P00021000,INTC,21.0,2024-09-20,18,0.7062992352557738,0.45,45.0,2055.0,2100.0,0.0,0.0,0.0
INTC240920P00021500,INTC,21.5,2024-09-20,18,0.6248562024062133,0.63,63.0,2087.0,2150.0,0.0,0.0,0.0
INTC240927P00021000,INTC,21.0,2024-09-27,25,0.6885542279381665,0.76,76.0,2023.9999999999998,2100.0,0.0,0.0,0.0
INTC241018P00020000,INTC,20.0,2024-10-18,46,0.7604062263936827,0.57,56.99999999999999,1943.0,2000.0,0.0,0.0,0.0
INTC241018P00021000,INTC,21.0,2024-10-18,46,0.6614305104182173,0.9,90.0,2010.0000000000002,2100.0,0.0,0.0,0.0
IONS240920P00045000,IONS,45.0,2024-09-20,18,0.7825554597314288,1.5,150.0,4350.0,4500.0,0.0,0.0,0.0
IOT240906P00038000,IOT,38.0,2024-09-06,4,0.6845606586371566,2.0,200.0,3600.0,3800.0,0.0,0.0,0.0
IOT240920P00035000,IOT,35.0,2024-09-20,18,0.792580691711359,1.3,130.0,3370.0000000000005,3500.0,0.0,0.0,0.0
IOT241018P00035000,IOT,35.0,2024-10-18,46,0.7761709649401394,1.8,180.0,3320.0000000000005,3500.0,0.0,0.0,0.0
IOVA241018P00011000,IOVA,11.0,2024-10-18,46,0.641880240258128,1.05,105.0,994.9999999999999,1100.0,0.0,0.0,0.0
IQ241018P00002000,IQ,2.0,2024-10-18,46,0.6747310076654081,0.13,13.0,187.0,200.0,5.0,65.0,935.0
IR240920P00090000,IR,90.0,2024-09-20,18,0.6512771074073882,1.15,114.99999999999999,8885.0,9000.0,0.0,0.0,0.0
IREN240906P00007500,IREN,7.5,2024-09-06,4,0.6933034070860341,0.2,20.0,730.0,750.0,1.0,20.0,730.0
IREN240913P00007500,IREN,7.5,2024-09-13,11,0.6483681615709744,0.45,45.0,705.0,750.0,1.0,45.0,705.0
IREN240920P00007000,IREN,7.0,2024-09-20,18,0.736620392636038,0.4,40.0,660.0,700.0,1.0,40.0,660.0
IRTC240920P00065000,IRTC,65.0,2024-09-20,18,0.7629130533238034,1.7,170.0,6330.0,6500.0,0.0,0.0,0.0
JD240920P00026000,JD,26.0,2024-09-20,18,0.7009918935964432,0.43,43.0,2557.0,2600.0,0.0,0.0,0.0
JKS240920P00017500,JKS,17.5,2024-09-20,18,0.7636498265896902,0.45,45.0,1705.0,1750.0,0.0,0.0,0.0
JNJ240920P00165000,JNJ,165.0,2024-09-20,18,0.6026013827677117,1.62,162.0,16338.0,16500.0,0.0,0.0,0.0
JNJ241018P00160000,JNJ,160.0,2024-10-18,46,0.7723506819741709,1.46,146.0,15854.0,16000.0,0.0,0.0,0.0
JPM240906P00222500,JPM,222.5,2024-09-06,4,0.6920401458773924,1.06,106.0,22144.0,22250.0,0.0,0.0,0.0
JPM240920P00217500,JPM,217.5,2024-09-20,18,0.7932732206835201,1.25,125.0,21625.0,21750.0,0.0,0.0,0.0
JPM240920P00220000,JPM,220.0,2024-09-20,18,0.7188353869304045,1.82,182.0,21818.0,22000.0,0.0,0.0,0.0
JPM241018P00215000,JPM,215.0,2024-10-18,46,0.7391876440866367,3.4,340.0,21160.0,21500.0,0.0,0.0,0.0
JPM241018P00220000,JPM,220.0,2024-10-18,46,0.6480962223811917,4.9,490.00000000000006,21510.0,22000.0,0.0,0.0,0.0
K240920P00080000,K,80.0,2024-09-20,18,0.7293838889117642,0.3,30.0,7970.0,8000.0,0.0,0.0,0.0
K241018P00080000,K,80.0,2024-10-18,46,0.7100845562455694,0.55,55.00000000000001,7945.0,8000.0,0.0,0.0,0.0
KALV241018P00012500,KALV,12.5,2024-10-18,46,0.6957684899184042,0.6,60.0,1190.0,1250.0,0.0,0.0,0.0
KMI240920P00021000,KMI,21.0,2024-09-20,18,0.7797142329775604,0.12,12.0,2088.0,2100.0,0.0,0.0,0.0
KO240906P00072000,KO,72.0,2024-09-06,4,0.6831554432827922,0.27,27.0,7173.0,7200.0,0.0,0.0,0.0
KO240920P00071000,KO,71.0,2024-09-20,18,0.7484094549273108,0.43,43.0,7056.999999999999,7100.0,0.0,0.0,0.0
KO241018P00070000,KO,70.0,2024-10-18,46,0.7877798908787781,0.58,57.99999999999999,6942.0,7000.0,0.0,0.0,0.0
KSS240906P00018500,KSS,18.5,2024-09-06,4,0.7782425097200965,0.16,16.0,1834.0,1850.0,0.0,0.0,0.0
KSS240906P00019000,KSS,19.0,2024-09-06,4,0.6481076877071287,0.31,31.0,1869.0000000000002,1900.0,0.0,0.0,0.0
KSS241018P00017500,KSS,17.5,2024-10-18,46,0.7422391022603263,0.72,72.0,1678.0,1750.0,0.0,0.0,0.0
LCID240920P00003500,LCID,3.5,2024-09-20,18,0.7794133152594942,0.13,13.0,337.0,350.0,2.0,26.0,674.0
LI240920P00018000,LI,18.0,2024-09-20,18,0.7587227766671071,0.39,39.0,1761.0,1800.0,0.0,0.0,0.0
LI240920P00019000,LI,19.0,2024-09-20,18,0.607323684072234,0.73,73.0,1827.0,1900.0,0.0,0.0,0.0
LLY240906P00940000,LLY,940.0,2024-09-06,4,0.7740778783499698,4.1,409.99999999999994,93590.0,94000.0,0.0,0.0,0.0
LSXMK241018P00023000,LSXMK,23.0,2024-10-18,46,0.6128676119560567,1.15,114.99999999999999,2185.0,2300.0,0.0,0.0,0.0
LULU240906P00255000,LULU,255.0,2024-09-06,4,0.6529849292699754,3.05,305.0,25195.0,25500.0,0.0,0.0,0.0
LULU240920P00250000,LULU,250.0,2024-09-20,18,0.6984535785883498,4.45,445.0,24555.0,25000.0,0.0,0.0,0.0
LULU241018P00240000,LULU,240.0,2024-10-18,46,0.7657372559057707,4.9,490.00000000000006,23510.0,24000.0,0.0,0.0,0.0
LULU241018P00250000,LULU,250.0,2024-10-18,46,0.657957968049432,7.9,790.0,24210.0,25000.0,0.0,0.0,0.0
LUMN240906P00005000,LUMN,5.0,2024-09-06,4,0.6753895298172841,0.16,16.0,484.0,500.0,2.0,32.0,968.0
LUMN240920P00005000,LUMN,5.0,2024-09-20,18,0.6317378468417421,0.34,34.0,466.0,500.0,2.0,68.0,932.0
LUNR240906P00004500,LUNR,4.5,2024-09-06,4,0.7326582683976695,0.2,20.0,430.0,450.0,2.0,40.0,860.0
LUNR240920P00004500,LUNR,4.5,2024-09-20,18,0.6941305124600817,0.4,40.0,409.99999999999994,450.0,2.0,80.0,820.0
LUNR241018P00004000,LUNR,4.0,2024-10-18,46,0.7646431263254935,0.4,40.0,360.0,400.0,2.0,80.0,720.0
LUV240927P00027000,LUV,27.0,2024-09-27,25,0.7508321327912344,0.56,56.00000000000001,2644.0,2700.0,0.0,0.0,0.0
LUV241018P00027500,LUV,27.5,2024-10-18,46,0.6802293236781005,0.95,95.0,2655.0,2750.0,0.0,0.0,0.0
LVS241018P00037500,LVS,37.5,2024-10-18,46,0.6711023100993333,1.07,107.0,3643.0,3750.0,0.0,0.0,0.0
LYFT240906P00011500,LYFT,11.5,2024-09-06,4,0.6106896356989532,0.18,18.0,1132.0,1150.0,0.0,0.0,0.0
LYFT241018P00011000,LYFT,11.0,2024-10-18,46,0.6671351451601847,0.52,52.0,1048.0,1100.0,0.0,0.0,0.0
MAR241018P00230000,MAR,230.0,2024-10-18,46,0.6524095613243505,4.5,450.0,22550.0,23000.0,0.0,0.0,0.0
MARA240906P00015500,MARA,15.5,2024-09-06,4,0.7973657426620111,0.2,20.0,1530.0,1550.0,0.0,0.0,0.0
MARA240906P00016000,MARA,16.0,2024-09-06,4,0.6922640590929905,0.34,34.0,1566.0,1600.0,0.0,0.0,0.0
MARA240913P00015000,MARA,15.0,2024-09-13,11,0.7841067862577289,0.32,32.0,1468.0,1500.0,0.0,0.0,0.0
MARA240913P00016000,MARA,16.0,2024-09-13,11,0.6466081545874731,0.65,65.0,1535.0,1600.0,0.0,0.0,0.0
MARA240920P00015000,MARA,15.0,2024-09-20,18,0.7513586043332403,0.51,51.0,1449.0,1500.0,0.0,0.0,0.0
MARA240920P00016000,MARA,16.0,2024-09-20,18,0.6325197378912533,0.88,88.0,1512.0,1600.0,0.0,0.0,0.0
MARA241018P00015000,MARA,15.0,2024-10-18,46,0.7003948141346747,1.16,115.99999999999999,1384.0,1500.0,0.0,0.0,0.0
MARA241018P00016000,MARA,16.0,2024-10-18,46,0.6220931196045851,1.62,162.0,1438.0,1600.0,0.0,0.0,0.0
MCD240920P00285000,MCD,285.0,2024-09-20,18,0.6488761457980954,3.2,320.0,28180.0,28500.0,0.0,0.0,0.0
MCD241018P00285000,MCD,285.0,2024-10-18,46,0.6265016100710279,5.35,535.0,27964.999999999996,28500.0,0.0,0.0,0.0
MCHP241018P00080000,MCHP,80.0,2024-10-18,46,0.6187826654743867,3.3,330.0,7670.0,8000.0,0.0,0.0,0.0
MDT240920P00088000,MDT,88.0,2024-09-20,18,0.6151897040928916,0.94,94.0,8706.0,8800.0,0.0,0.0,0.0
META240906P00510000,META,510.0,2024-09-06,4,0.7611173624967069,2.52,252.0,50748.0,51000.0,0.0,0.0,0.0
META240906P00512500,META,512.5,2024-09-06,4,0.7174169976843022,3.15,315.0,50935.0,51250.0,0.0,0.0,0.0
META240906P00515000,META,515.0,2024-09-06,4,0.6632297206916449,3.85,385.0,51115.0,51500.0,0.0,0.0,0.0
META240906P00517500,META,517.5,2024-09-06,4,0.6078173182661384,4.7,470.0,51279.99999999999,51750.0,0.0,0.0,0.0
META240920P00500000,META,500.0,2024-09-20,18,0.762957904634927,4.95,495.0,49505.0,50000.0,0.0,0.0,0.0
META240920P00505000,META,505.0,2024-09-20,18,0.7172480123608062,6.15,615.0,49885.0,50500.0,0.0,0.0,0.0
META240920P00510000,META,510.0,2024-09-20,18,0.6641413097757406,7.65,765.0,50235.0,51000.0,0.0,0.0,0.0
META240920P00512500,META,512.5,2024-09-20,18,0.6264469325634615,8.45,844.9999999999999,50405.0,51250.0,0.0,0.0,0.0
META240920P00515000,META,515.0,2024-09-20,18,0.6044398484544546,9.4,940.0,50560.0,51500.0,0.0,0.0,0.0
META241018P00500000,META,500.0,2024-10-18,46,0.6922964871976544,11.55,1155.0,48845.0,50000.0,0.0,0.0,0.0
MMM240920P00130000,MMM,130.0,2024-09-20,18,0.785142640366896,1.0,100.0,12900.0,13000.0,0.0,0.0,0.0
MMM241018P00130000,MMM,130.0,2024-10-18,46,0.7238332184331269,1.92,192.0,12808.000000000002,13000.0,0.0,0.0,0.0
MNRO241018P00025000,MNRO,25.0,2024-10-18,46,0.7294271818442655,0.75,75.0,2425.0,2500.0,0.0,0.0,0.0
MO240906P00053000,MO,53.0,2024-09-06,4,0.7980355314852752,0.13,13.0,5287.0,5300.0,0.0,0.0,0.0
MO240920P00052000,MO,52.0,2024-09-20,18,0.7904868822493645,0.39,39.0,5161.0,5200.0,0.0,0.0,0.0
MO241018P00052500,MO,52.5,2024-10-18,46,0.6793544874630126,0.92,92.0,5158.0,5250.0,0.0,0.0,0.0
MOMO240920P00006000,MOMO,6.0,2024-09-20,18,0.7761759215175301,0.15,15.0,585.0,600.0,1.0,15.0,585.0
MOS241018P00027500,MOS,27.5,2024-10-18,46,0.6679663789692196,0.95,95.0,2655.0,2750.0,0.0,0.0,0.0
MPW240920P00004000,MPW,4.0,2024-09-20,18,0.7743493731841579,0.12,12.0,388.0,400.0,2.0,24.0,776.0
MPW240927P00004000,MPW,4.0,2024-09-27,25,0.7693544106725653,0.15,15.0,385.0,400.0,2.0,30.0,770.0
MRK240920P00115000,MRK,115.0,2024-09-20,18,0.7523849009441043,1.07,107.0,11393.0,11500.0,0.0,0.0,0.0
MRK241018P00115000,MRK,115.0,2024-10-18,46,0.6990583995302919,1.71,171.0,11329.0,11500.0,0.0,0.0,0.0
MRNA240920P00070000,MRNA,70.0,2024-09-20,18,0.7959398106279182,1.29,129.0,6870.999999999999,7000.0,0.0,0.0,0.0
MRNA240920P00075000,MRNA,75.0,2024-09-20,18,0.6286927315155177,2.81,281.0,7219.0,7500.0,0.0,0.0,0.0
MRNS241018P00001000,MRNS,1.0,2024-10-18,46,0.7967049816433311,0.1,10.0,90.0,100.0,10.0,100.0,900.0
MRVL240920P00071000,MRVL,71.0,2024-09-20,18,0.794118120015022,0.85,85.0,7015.000000000001,7100.0,0.0,0.0,0.0
MRVL240920P00072500,MRVL,72.5,2024-09-20,18,0.7268889467526664,1.39,139.0,7111.0,7250.0,0.0,0.0,0.0
MRVL241018P00070000,MRVL,70.0,2024-10-18,46,0.7534784303480343,2.12,212.0,6788.0,7000.0,0.0,0.0,0.0
MRVL241018P00072500,MRVL,72.5,2024-10-18,46,0.6741261209720139,2.64,264.0,6986.0,7250.0,0.0,0.0,0.0
MSFT240906P00410000,MSFT,410.0,2024-09-06,4,0.7591162403811424,1.59,159.0,40841.0,41000.0,0.0,0.0,0.0
MSFT240906P00412500,MSFT,412.5,2024-09-06,4,0.6885415472042641,2.21,221.0,41029.0,41250.0,0.0,0.0,0.0
MSFT240913P00405000,MSFT,405.0,2024-09-13,11,0.786350418540146,2.1,210.0,40290.0,40500.0,0.0,0.0,0.0
MSFT240913P00410000,MSFT,410.0,2024-09-13,11,0.6978388229990022,3.25,325.0,40675.0,41000.0,0.0,0.0,0.0
MSFT240920P00405000,MSFT,405.0,2024-09-20,18,0.7498832336274188,3.3,330.0,40170.0,40500.0,0.0,0.0,0.0
MSFT240920P00410000,MSFT,410.0,2024-09-20,18,0.6705668706567102,4.6,459.99999999999994,40540.0,41000.0,0.0,0.0,0.0
MSFT240920P00412500,MSFT,412.5,2024-09-20,18,0.6125652290297593,5.4,540.0,40710.0,41250.0,0.0,0.0,0.0
MSFT241018P00395000,MSFT,395.0,2024-10-18,46,0.7880613875620781,4.35,434.99999999999994,39065.0,39500.0,0.0,0.0,0.0
MSFT241018P00400000,MSFT,400.0,2024-10-18,46,0.7446019505846486,5.4,540.0,39460.0,40000.0,0.0,0.0,0.0
MSFT241018P00405000,MSFT,405.0,2024-10-18,46,0.6933256191032351,6.7,670.0,39830.0,40500.0,0.0,0.0,0.0
MSFT241018P00410000,MSFT,410.0,2024-10-18,46,0.6363010922735312,8.25,825.0,40175.0,41000.0,0.0,0.0,0.0
MSTR240906P00125000,MSTR,125.0,2024-09-06,4,0.7522320874127613,2.03,202.99999999999997,12297.0,12500.0,0.0,0.0,0.0
MSTR240906P00128000,MSTR,128.0,2024-09-06,4,0.6657694171608295,2.92,292.0,12508.0,12800.0,0.0,0.0,0.0
MSTR240906P00130000,MSTR,130.0,2024-09-06,4,0.6007535233151287,3.85,385.0,12615.0,13000.0,0.0,0.0,0.0
MSTR240920P00120000,MSTR,120.0,2024-09-20,18,0.7475248687917804,4.05,405.0,11595.0,12000.0,0.0,0.0,0.0
MSTR240920P00125000,MSTR,125.0,2024-09-20,18,0.6662502204485932,6.15,615.0,11885.0,12500.0,0.0,0.0,0.0
MSTR241018P00120000,MSTR,120.0,2024-10-18,46,0.6925134234610666,9.15,915.0,11085.0,12000.0,0.0,0.0,0.0
MSTR241018P00125000,MSTR,125.0,2024-10-18,46,0.6417530395903297,11.65,1165.0,11335.0,12500.0,0.0,0.0,0.0
MU240906P00093000,MU,93.0,2024-09-06,4,0.7269504199222931,0.99,99.0,9201.0,9300.0,0.0,0.0,0.0
MU240906P00094000,MU,94.0,2024-09-06,4,0.6759025798063881,1.29,129.0,9271.0,9400.0,0.0,0.0,0.0
MU240906P00095000,MU,95.0,2024-09-06,4,0.6059396008820749,1.67,167.0,9333.0,9500.0,0.0,0.0,0.0
MU240920P00090000,MU,90.0,2024-09-20,18,0.7568595090900239,1.66,166.0,8834.0,9000.0,0.0,0.0,0.0
MU240920P00092500,MU,92.5,2024-09-20,18,0.6736090926912502,2.45,245.00000000000003,9005.0,9250.0,0.0,0.0,0.0
MU241018P00090000,MU,90.0,2024-10-18,46,0.6766201596745168,4.55,455.0,8545.0,9000.0,0.0,0.0,0.0
MU241018P00092500,MU,92.5,2024-10-18,46,0.6266615674759726,5.5,550.0,8700.0,9250.0,0.0,0.0,0.0
NBIX241018P00120000,NBIX,120.0,2024-10-18,46,0.7320399197146864,2.45,245.00000000000003,11755.0,12000.0,0.0,0.0,0.0
NBR240920P00070000,NBR,70.0,2024-09-20,18,0.7359973889622689,2.15,215.0,6784.999999999999,7000.0,0.0,0.0,0.0
NBR241018P00070000,NBR,70.0,2024-10-18,46,0.676707660968934,4.3,430.0,6570.0,7000.0,0.0,0.0,0.0
NCLH240920P00017000,NCLH,17.0,2024-09-20,18,0.7217349852008401,0.31,31.0,1669.0000000000002,1700.0,0.0,0.0,0.0
NEM241018P00050000,NEM,50.0,2024-10-18,46,0.766397500249234,0.87,87.0,4913.0,5000.0,0.0,0.0,0.0
NET240920P00080000,NET,80.0,2024-09-20,18,0.6467311613539584,1.74,174.0,7826.000000000001,8000.0,0.0,0.0,0.0
NFLX240906P00685000,NFLX,685.0,2024-09-06,4,0.7723581085248475,3.65,365.0,68135.0,68500.0,0.0,0.0,0.0
NFLX240920P00680000,NFLX,680.0,2024-09-20,18,0.7159414006049851,9.3,930.0000000000001,67070.0,68000.0,0.0,0.0,0.0
NIO241004P00003500,NIO,3.5,2024-10-04,32,0.7783677823018615,0.15,15.0,335.0,350.0,2.0,30.0,670.0
NKE240906P00082000,NKE,82.0,2024-09-06,4,0.7197933320713364,0.51,51.0,8148.999999999999,8200.0,0.0,0.0,0.0
NKE240920P00080000,NKE,80.0,2024-09-20,18,0.7940727503087195,0.69,69.0,7931.0,8000.0,0.0,0.0,0.0
NKE240920P00081000,NKE,81.0,2024-09-20,18,0.7193542817593035,0.93,93.0,8006.999999999999,8100.0,0.0,0.0,0.0
NKE240920P00082000,NKE,82.0,2024-09-20,18,0.630905155893815,1.25,125.0,8075.0,8200.0,0.0,0.0,0.0
NOVA240920P00010000,NOVA,10.0,2024-09-20,18,0.7363992600864926,0.5,50.0,950.0,1000.0,1.0,50.0,950.0
NSSC240920P00045000,NSSC,45.0,2024-09-20,18,0.6304666172029769,1.6,160.0,4340.0,4500.0,0.0,0.0,0.0
NU240920P00014500,NU,14.5,2024-09-20,18,0.6795947267899324,0.27,27.0,1423.0,1450.0,0.0,0.0,0.0
NU241018P00014000,NU,14.0,2024-10-18,46,0.7408793943579361,0.58,57.99999999999999,1342.0,1400.0,0.0,0.0,0.0
NUVL240920P00075000,NUVL,75.0,2024-09-20,18,0.721020668602658,3.7,370.0,7130.0,7500.0,0.0,0.0,0.0
NVDA240906P00114000,NVDA,114.0,2024-09-06,4,0.7884427876990724,0.93,93.0,11307.0,11400.0,0.0,0.0,0.0
NVDA240906P00115000,NVDA,115.0,2024-09-06,4,0.7443487678263552,1.14,113.99999999999999,11386.0,11500.0,0.0,0.0,0.0
NVDA240906P00116000,NVDA,116.0,2024-09-06,4,0.6986457172694742,1.43,143.0,11457.0,11600.0,0.0,0.0,0.0
NVDA240906P00117000,NVDA,117.0,2024-09-06,4,0.6486930441032145,1.76,176.0,11524.0,11700.0,0.0,0.0,0.0
NVDA240913P00112000,NVDA,112.0,2024-09-13,11,0.7779855285978114,2.0,200.0,11000.0,11200.0,0.0,0.0,0.0
NVDA240913P00113000,NVDA,113.0,2024-09-13,11,0.7506295115187359,1.8,180.0,11120.0,11300.0,0.0,0.0,0.0
NVDA240913P00114000,NVDA,114.0,2024-09-13,11,0.7183680159248513,2.46,246.0,11154.0,11400.0,0.0,0.0,0.0
NVDA240913P00115000,NVDA,115.0,2024-09-13,11,0.6853369172231267,2.6,260.0,11240.0,11500.0,0.0,0.0,0.0
NVDA240913P00116000,NVDA,116.0,2024-09-13,11,0.65032662020614,2.9,290.0,11310.0,11600.0,0.0,0.0,0.0
NVDA240913P00117000,NVDA,117.0,2024-09-13,11,0.6137620106749468,3.9,390.0,11310.0,11700.0,0.0,0.0,0.0
NVDA240920P00110000,NVDA,110.0,2024-09-20,18,0.7887544127035846,1.75,175.0,10825.0,11000.0,0.0,0.0,0.0
NVDA240920P00111000,NVDA,111.0,2024-09-20,18,0.7660103568620122,2.12,212.0,10888.0,11100.0,0.0,0.0,0.0
NVDA240920P00112000,NVDA,112.0,2024-09-20,18,0.7412046016186582,2.8,280.0,10920.0,11200.0,0.0,0.0,0.0
NVDA240920P00113000,NVDA,113.0,2024-09-20,18,0.7123645407505458,2.65,265.0,11035.0,11300.0,0.0,0.0,0.0
NVDA240920P00114000,NVDA,114.0,2024-09-20,18,0.6889498175866506,3.45,345.0,11055.0,11400.0,0.0,0.0,0.0
NVDA240920P00115000,NVDA,115.0,2024-09-20,18,0.6612048966594437,3.2,320.0,11180.0,11500.0,0.0,0.0,0.0
NVDA240920P00116000,NVDA,116.0,2024-09-20,18,0.6294666242963418,5.0,500.0,11100.0,11600.0,0.0,0.0,0.0
NVDA240920P00117000,NVDA,117.0,2024-09-20,18,0.6022209543463821,4.15,415.00000000000006,11285.0,11700.0,0.0,0.0,0.0
NVDA240927P00108000,NVDA,108.0,2024-09-27,25,0.7991807408234379,2.11,211.0,10589.0,10800.0,0.0,0.0,0.0
NVDA240927P00109000,NVDA,109.0,2024-09-27,25,0.7773090694680926,3.2,320.0,10580.0,10900.0,0.0,0.0,0.0
NVDA240927P00110000,NVDA,110.0,2024-09-27,25,0.7614752412732291,2.75,275.0,10725.0,11000.0,0.0,0.0,0.0
NVDA240927P00112000,NVDA,112.0,2024-09-27,25,0.7180408070281794,4.4,440.00000000000006,10760.0,11200.0,0.0,0.0,0.0
NVDA240927P00113000,NVDA,113.0,2024-09-27,25,0.6947911826246838,3.25,325.0,10975.0,11300.0,0.0,0.0,0.0
NVDA240927P00114000,NVDA,114.0,2024-09-27,25,0.6699579430705346,3.6,360.0,11040.0,11400.0,0.0,0.0,0.0
NVDA240927P00115000,NVDA,115.0,2024-09-27,25,0.6468991526866984,4.5,450.0,11050.0,11500.0,0.0,0.0,0.0
NVDA240927P00116000,NVDA,116.0,2024-09-27,25,0.622535339896617,5.05,505.0,11095.0,11600.0,0.0,0.0,0.0
NVDA241004P00110000,NVDA,110.0,2024-10-04,32,0.7410259441796285,3.1,310.0,10690.0,11000.0,0.0,0.0,0.0
NVDA241004P00115000,NVDA,115.0,2024-10-04,32,0.6388559213028453,4.9,490.00000000000006,11010.0,11500.0,0.0,0.0,0.0
NVDA241018P00105000,NVDA,105.0,2024-10-18,46,0.7986149236609752,2.68,268.0,10232.0,10500.0,0.0,0.0,0.0
NVDA241018P00106000,NVDA,106.0,2024-10-18,46,0.7831979032235128,3.0,300.0,10300.0,10600.0,0.0,0.0,0.0
NVDA241018P00107000,NVDA,107.0,2024-10-18,46,0.76829297206676,3.15,315.0,10385.0,10700.0,0.0,0.0,0.0
NVDA241018P00108000,NVDA,108.0,2024-10-18,46,0.7522620367501256,4.5,450.0,10350.0,10800.0,0.0,0.0,0.0
NVDA241018P00109000,NVDA,109.0,2024-10-18,46,0.7372364615593399,3.7,370.0,10530.0,10900.0,0.0,0.0,0.0
NVDA241018P00110000,NVDA,110.0,2024-10-18,46,0.7198980859848438,4.35,434.99999999999994,10565.0,11000.0,0.0,0.0,0.0
NVDA241018P00111000,NVDA,111.0,2024-10-18,46,0.7042755833072144,6.85,685.0,10415.0,11100.0,0.0,0.0,0.0
NVDA241018P00112000,NVDA,112.0,2024-10-18,46,0.6861617752947455,6.9,690.0,10510.0,11200.0,0.0,0.0,0.0
NVDA241018P00113000,NVDA,113.0,2024-10-18,46,0.6667831758841876,6.1,610.0,10690.0,11300.0,0.0,0.0,0.0
NVDA241018P00114000,NVDA,114.0,2024-10-18,46,0.6497572908514188,6.0,600.0,10800.0,11400.0,0.0,0.0,0.0
NVDA241018P00115000,NVDA,115.0,2024-10-18,46,0.6312065894541481,6.05,605.0,10895.0,11500.0,0.0,0.0,0.0
NVDA241018P00116000,NVDA,116.0,2024-10-18,46,0.6097831206198856,7.0,700.0,10900.0,11600.0,0.0,0.0,0.0
NVO240927P00135000,NVO,135.0,2024-09-27,25,0.6561353196018083,2.95,295.0,13205.000000000002,13500.0,0.0,0.0,0.0
O241018P00060000,O,60.0,2024-10-18,46,0.7664110179637942,0.6,60.0,5940.0,6000.0,0.0,0.0,0.0
OKTA240920P00077500,OKTA,77.5,2024-09-20,18,0.618678573966217,1.73,173.0,7577.0,7750.0,0.0,0.0,0.0
ON241018P00070000,ON,70.0,2024-10-18,46,0.7864545812406364,1.66,166.0,6834.0,7000.0,0.0,0.0,0.0
OPEN240906P00002000,OPEN,2.0,2024-09-06,4,0.731294282933548,0.06,6.0,194.0,200.0,5.0,30.0,970.0
OPEN240920P00002000,OPEN,2.0,2024-09-20,18,0.6666136054675621,0.12,12.0,188.0,200.0,5.0,60.0,940.0
ORCL240920P00135000,ORCL,135.0,2024-09-20,18,0.6973758363725706,3.35,335.0,13165.0,13500.0,0.0,0.0,0.0
OXY240906P00056000,OXY,56.0,2024-09-06,4,0.7707395985977096,0.21,21.0,5579.0,5600.0,0.0,0.0,0.0
OXY240913P00056000,OXY,56.0,2024-09-13,11,0.6925486492754211,0.47,47.0,5553.0,5600.0,0.0,0.0,0.0
OXY240920P00055000,OXY,55.0,2024-09-20,18,0.7824897347599099,0.39,39.0,5461.0,5500.0,0.0,0.0,0.0
OXY240920P00056000,OXY,56.0,2024-09-20,18,0.6669242851952746,0.65,65.0,5535.0,5600.0,0.0,0.0,0.0
OXY241018P00055000,OXY,55.0,2024-10-18,46,0.7134631428564651,0.87,87.0,5413.0,5500.0,0.0,0.0,0.0
PAAS240920P00019000,PAAS,19.0,2024-09-20,18,0.7501763501615598,0.35,35.0,1864.9999999999998,1900.0,0.0,0.0,0.0
PARA240920P00010000,PARA,10.0,2024-09-20,18,0.7809177687153906,0.09,9.0,991.0,1000.0,1.0,9.0,991.0
PATH240906P00011500,PATH,11.5,2024-09-06,4,0.7447938407718107,0.5,50.0,1100.0,1150.0,0.0,0.0,0.0
PATH240920P00012000,PATH,12.0,2024-09-20,18,0.6701496330862258,0.71,71.0,1129.0,1200.0,0.0,0.0,0.0
PATH241018P00012000,PATH,12.0,2024-10-18,46,0.6706523118448122,0.77,77.0,1123.0,1200.0,0.0,0.0,0.0
PAYO241018P00007000,PAYO,7.0,2024-10-18,46,0.7076535335198939,0.55,55.00000000000001,645.0,700.0,1.0,55.00000000000001,645.0
PBR240906P00015000,PBR,15.0,2024-09-06,4,0.6972280296714747,0.11,11.0,1489.0,1500.0,0.0,0.0,0.0
PBR240920P00015000,PBR,15.0,2024-09-20,18,0.6205981542068062,0.26,26.0,1474.0,1500.0,0.0,0.0,0.0
PCG241018P00019000,PCG,19.0,2024-10-18,46,0.7446842849428519,0.19,19.0,1880.9999999999998,1900.0,0.0,0.0,0.0
PDD240906P00093000,PDD,93.0,2024-09-06,4,0.7785979429553127,1.1,110.00000000000001,9190.0,9300.0,0.0,0.0,0.0
PDD240906P00094000,PDD,94.0,2024-09-06,4,0.7018941214403148,1.25,125.0,9275.0,9400.0,0.0,0.0,0.0
PDD240906P00095000,PDD,95.0,2024-09-06,4,0.6156696313759881,1.2,120.0,9380.0,9500.0,0.0,0.0,0.0
PDD240920P00090000,PDD,90.0,2024-09-20,18,0.7980648229088956,1.18,118.0,8882.0,9000.0,0.0,0.0,0.0
PDD240920P00094000,PDD,94.0,2024-09-20,18,0.6308993069240306,2.38,238.0,9162.0,9400.0,0.0,0.0,0.0
PDD240927P00090000,PDD,90.0,2024-09-27,25,0.7677955349001526,1.47,147.0,8853.0,9000.0,0.0,0.0,0.0
PDD241018P00090000,PDD,90.0,2024-10-18,46,0.7205858563791487,2.55,254.99999999999997,8745.0,9000.0,0.0,0.0,0.0
PEB241018P00012500,PEB,12.5,2024-10-18,46,0.6740171236438856,0.4,40.0,1210.0,1250.0,0.0,0.0,0.0
PENN241018P00017500,PENN,17.5,2024-10-18,46,0.6672110429645345,0.91,91.0,1659.0,1750.0,0.0,0.0,0.0
PEP241018P00165000,PEP,165.0,2024-10-18,46,0.7951601805415998,1.63,163.0,16337.0,16500.0,0.0,0.0,0.0
PEP241018P00170000,PEP,170.0,2024-10-18,46,0.64548849319453,3.05,305.0,16695.0,17000.0,0.0,0.0,0.0
PFE240906P00028500,PFE,28.5,2024-09-06,4,0.7727361895745882,0.14,14.000000000000002,2836.0,2850.0,0.0,0.0,0.0
PFE240913P00028500,PFE,28.5,2024-09-13,11,0.690919907244594,0.25,25.0,2825.0,2850.0,0.0,0.0,0.0
PFE240920P00028000,PFE,28.0,2024-09-20,18,0.7940714706411487,0.19,19.0,2781.0,2800.0,0.0,0.0,0.0
PFE240920P00028500,PFE,28.5,2024-09-20,18,0.6779632589706688,0.31,31.0,2819.0,2850.0,0.0,0.0,0.0
PFE241018P00028000,PFE,28.0,2024-10-18,46,0.7308218098961592,0.47,47.0,2753.0,2800.0,0.0,0.0,0.0
PG240920P00170000,PG,170.0,2024-09-20,18,0.6678510369432602,1.21,121.0,16879.0,17000.0,0.0,0.0,0.0
PG241018P00165000,PG,165.0,2024-10-18,46,0.7753201429238445,1.63,163.0,16337.0,16500.0,0.0,0.0,0.0
PINS240920P00031000,PINS,31.0,2024-09-20,18,0.682146428615489,0.52,52.0,3048.0,3100.0,0.0,0.0,0.0
PLTR240906P00030000,PLTR,30.0,2024-09-06,4,0.7834570071254816,0.28,28.000000000000004,2972.0,3000.0,0.0,0.0,0.0
PLTR240906P00030500,PLTR,30.5,2024-09-06,4,0.6967461588169498,0.44,44.0,3006.0,3050.0,0.0,0.0,0.0
PLTR240906P00031000,PLTR,31.0,2024-09-06,4,0.6074392069769939,0.62,62.0,3038.0,3100.0,0.0,0.0,0.0
PLTR240913P00030000,PLTR,30.0,2024-09-13,11,0.7073275620844311,0.62,62.0,2938.0,3000.0,0.0,0.0,0.0
PLTR240920P00029000,PLTR,29.0,2024-09-20,18,0.7795645162426394,0.53,53.0,2847.0,2900.0,0.0,0.0,0.0
PLTR240920P00030000,PLTR,30.0,2024-09-20,18,0.6854749418512494,0.82,82.0,2918.0,3000.0,0.0,0.0,0.0
PLTR240920P00030500,PLTR,30.5,2024-09-20,18,0.6340354751493986,1.01,101.0,2949.0,3050.0,0.0,0.0,0.0
PLTR240927P00029000,PLTR,29.0,2024-09-27,25,0.7604039077540443,0.64,64.0,2836.0,2900.0,0.0,0.0,0.0
PLTR240927P00030000,PLTR,30.0,2024-09-27,25,0.6772899418592887,0.96,96.0,2904.0,3000.0,0.0,0.0,0.0
PLTR241018P00028000,PLTR,28.0,2024-10-18,46,0.7902595440039973,0.7,70.0,2730.0,2800.0,0.0,0.0,0.0
PLTR241018P00029000,PLTR,29.0,2024-10-18,46,0.7248100280349502,0.99,99.0,2801.0,2900.0,0.0,0.0,0.0
PLTR241018P00030000,PLTR,30.0,2024-10-18,46,0.6573070526680271,1.33,133.0,2867.0,3000.0,0.0,0.0,0.0
PM241018P00120000,PM,120.0,2024-10-18,46,0.703739741306495,1.7,170.0,11830.0,12000.0,0.0,0.0,0.0
PR241018P00013000,PR,13.0,2024-10-18,46,0.7929501357731332,0.2,20.0,1280.0,1300.0,0.0,0.0,0.0
PSEC240920P00005000,PSEC,5.0,2024-09-20,18,0.7489168691403091,0.1,10.0,490.00000000000006,500.0,2.0,20.0,980.0
PSNY240920P00001000,PSNY,1.0,2024-09-20,18,0.7628476458601605,0.1,10.0,90.0,100.0,10.0,100.0,900.0
PSTG240920P00050000,PSTG,50.0,2024-09-20,18,0.6444511648802491,1.15,114.99999999999999,4885.0,5000.0,0.0,0.0,0.0
PTON240906P00004500,PTON,4.5,2024-09-06,4,0.6469424076131245,0.13,13.0,437.0,450.0,2.0,26.0,874.0
PTON240913P00004500,PTON,4.5,2024-09-13,11,0.6239432171095043,0.21,21.0,429.0,450.0,2.0,42.0,858.0
PTON240920P00004500,PTON,4.5,2024-09-20,18,0.616446208003252,0.25,25.0,425.0,450.0,2.0,50.0,850.0
PTON240927P00004000,PTON,4.0,2024-09-27,25,0.7951994092239726,0.13,13.0,387.0,400.0,2.0,26.0,774.0
PTON240927P00004500,PTON,4.5,2024-09-27,25,0.6111839876263558,0.35,35.0,415.00000000000006,450.0,2.0,70.0,830.0
PTON241018P00004000,PTON,4.0,2024-10-18,46,0.7546890013212503,0.23,23.0,377.0,400.0,2.0,46.0,754.0
PYPL240906P00071000,PYPL,71.0,2024-09-06,4,0.7294093381611376,0.43,43.0,7056.999999999999,7100.0,0.0,0.0,0.0
PYPL240920P00069000,PYPL,69.0,2024-09-20,18,0.791904785918217,0.6,60.0,6840.000000000001,6900.0,0.0,0.0,0.0
PYPL240920P00070000,PYPL,70.0,2024-09-20,18,0.72652578085789,0.83,83.0,6917.0,7000.0,0.0,0.0,0.0
PYPL240920P00071000,PYPL,71.0,2024-09-20,18,0.6473799517023351,1.14,113.99999999999999,6986.0,7100.0,0.0,0.0,0.0
PYPL241018P00067500,PYPL,67.5,2024-10-18,46,0.7842646659238615,1.04,104.0,6645.999999999999,6750.0,0.0,0.0,0.0
PYPL241018P00070000,PYPL,70.0,2024-10-18,46,0.6725577393888603,1.66,166.0,6834.0,7000.0,0.0,0.0,0.0
QCOM240906P00170000,QCOM,170.0,2024-09-06,4,0.7416961173989631,1.48,148.0,16852.0,17000.0,0.0,0.0,0.0
QCOM240920P00165000,QCOM,165.0,2024-09-20,18,0.7722995169942597,3.1,310.0,16190.0,16500.0,0.0,0.0,0.0
QCOM240920P00170000,QCOM,170.0,2024-09-20,18,0.6577845841767813,3.75,375.0,16625.0,17000.0,0.0,0.0,0.0
QCOM240920P00172500,QCOM,172.5,2024-09-20,18,0.6004706269733617,4.8,480.0,16770.0,17250.0,0.0,0.0,0.0
QCOM241018P00170000,QCOM,170.0,2024-10-18,46,0.6322469368220841,6.7,670.0,16330.000000000002,17000.0,0.0,0.0,0.0
QDEL240920P00040000,QDEL,40.0,2024-09-20,18,0.7293277889741867,0.85,85.0,3915.0,4000.0,0.0,0.0,0.0
RBLX241018P00042500,RBLX,42.5,2024-10-18,46,0.6541979971010368,1.3,130.0,4120.0,4250.0,0.0,0.0,0.0
RBRK240920P00030000,RBRK,30.0,2024-09-20,18,0.7981437530443534,1.0,100.0,2900.0,3000.0,0.0,0.0,0.0
RBRK241018P00032500,RBRK,32.5,2024-10-18,46,0.6592640897822099,3.1,310.0,2940.0,3250.0,0.0,0.0,0.0
RDFN240906P00009000,RDFN,9.0,2024-09-06,4,0.6610769599587705,0.25,25.0,875.0,900.0,1.0,25.0,875.0
RDFN241018P00008000,RDFN,8.0,2024-10-18,46,0.7447511043651628,0.5,50.0,750.0,800.0,1.0,50.0,750.0
RDFN241018P00009000,RDFN,9.0,2024-10-18,46,0.6148421649282161,0.9,90.0,810.0,900.0,1.0,90.0,810.0
RIG240920P00004500,RIG,4.5,2024-09-20,18,0.7010921411333466,0.11,11.0,438.99999999999994,450.0,2.0,22.0,878.0
RILY240906P00004000,RILY,4.0,2024-09-06,4,0.7497663745055757,0.4,40.0,360.0,400.0,2.0,80.0,720.0
RILY240906P00004500,RILY,4.5,2024-09-06,4,0.6634846955296889,0.65,65.0,385.0,450.0,2.0,130.0,770.0
RILY240913P00004000,RILY,4.0,2024-09-13,11,0.7443257416649548,0.65,65.0,335.0,400.0,2.0,130.0,670.0
RILY240920P00004000,RILY,4.0,2024-09-20,18,0.7411026537698222,0.95,95.0,305.0,400.0,2.0,190.0,610.0
RIO241018P00062500,RIO,62.5,2024-10-18,46,0.6056162059095664,1.6,160.0,6090.0,6250.0,0.0,0.0,0.0
RIOT240913P00007000,RIOT,7.0,2024-09-13,11,0.7145014608113213,0.23,23.0,677.0,700.0,1.0,23.0,677.0
RIOT240920P00007000,RIOT,7.0,2024-09-20,18,0.6900418579760519,0.32,32.0,668.0,700.0,1.0,32.0,668.0
RIOT241018P00007000,RIOT,7.0,2024-10-18,46,0.6601629928651833,0.61,61.0,639.0,700.0,1.0,61.0,639.0
RIVN240906P00013500,RIVN,13.5,2024-09-06,4,0.7377984756356539,0.18,18.0,1332.0,1350.0,0.0,0.0,0.0
RIVN240913P00013500,RIVN,13.5,2024-09-13,11,0.6816891183985953,0.36,36.0,1314.0,1350.0,0.0,0.0,0.0
RIVN240920P00013000,RIVN,13.0,2024-09-20,18,0.7451378231937821,0.33,33.0,1267.0,1300.0,0.0,0.0,0.0
RIVN240920P00013500,RIVN,13.5,2024-09-20,18,0.657527604735917,0.5,50.0,1300.0,1350.0,0.0,0.0,0.0
RIVN241018P00012500,RIVN,12.5,2024-10-18,46,0.7490757660806371,0.58,57.99999999999999,1192.0,1250.0,0.0,0.0,0.0
RKLB240906P00006000,RKLB,6.0,2024-09-06,4,0.7136914729882569,0.15,15.0,585.0,600.0,1.0,15.0,585.0
RKLB240913P00006000,RKLB,6.0,2024-09-13,11,0.6597408948546336,0.25,25.0,575.0,600.0,1.0,25.0,575.0
RKLB240920P00005500,RKLB,5.5,2024-09-20,18,0.7914715203480482,0.15,15.0,535.0,550.0,1.0,15.0,535.0
RKLB240920P00006000,RKLB,6.0,2024-09-20,18,0.6428532779260863,0.35,35.0,565.0,600.0,1.0,35.0,565.0
RNR240920P00240000,RNR,240.0,2024-09-20,18,0.7836857120239689,3.4,340.0,23660.0,24000.0,0.0,0.0,0.0
ROKU240920P00065000,ROKU,65.0,2024-09-20,18,0.6810252378106151,1.46,146.0,6354.0,6500.0,0.0,0.0,0.0
ROKU241018P00060000,ROKU,60.0,2024-10-18,46,0.7943030464556686,1.3,130.0,5870.0,6000.0,0.0,0.0,0.0
ROKU241018P00065000,ROKU,65.0,2024-10-18,46,0.6415551865504763,2.85,285.0,6215.0,6500.0,0.0,0.0,0.0
RTX240920P00120000,RTX,120.0,2024-09-20,18,0.7803336654945916,0.6,60.0,11940.0,12000.0,0.0,0.0,0.0
RUN240906P00019500,RUN,19.5,2024-09-06,4,0.7335159113257141,0.27,27.0,1923.0,1950.0,0.0,0.0,0.0
RUN240906P00020000,RUN,20.0,2024-09-06,4,0.6390680861285097,0.42,42.0,1957.9999999999998,2000.0,0.0,0.0,0.0
RVMD240920P00035000,RVMD,35.0,2024-09-20,18,0.7545554492987797,4.8,480.0,3020.0,3500.0,0.0,0.0,0.0
S240920P00023000,S,23.0,2024-09-20,18,0.622922072527771,0.65,65.0,2235.0,2300.0,0.0,0.0,0.0
SAVE240906P00002500,SAVE,2.5,2024-09-06,4,0.631633620241405,0.09,9.0,241.0,250.0,4.0,36.0,964.0
SAVE240920P00002500,SAVE,2.5,2024-09-20,18,0.6033317710064647,0.25,25.0,225.0,250.0,4.0,100.0,900.0
SAVE241018P00002500,SAVE,2.5,2024-10-18,46,0.6379209084420231,0.5,50.0,200.0,250.0,4.0,200.0,800.0
SBUX240906P00093000,SBUX,93.0,2024-09-06,4,0.7285212404054973,0.51,51.0,9249.0,9300.0,0.0,0.0,0.0
SBUX240913P00093000,SBUX,93.0,2024-09-13,11,0.6699883059686322,1.0,100.0,9200.0,9300.0,0.0,0.0,0.0
SBUX240920P00093000,SBUX,93.0,2024-09-20,18,0.653936338287485,1.24,124.0,9176.0,9300.0,0.0,0.0,0.0
SBUX241018P00090000,SBUX,90.0,2024-10-18,46,0.7643396805928494,1.22,122.0,8878.0,9000.0,0.0,0.0,0.0
SCHW240906P00064000,SCHW,64.0,2024-09-06,4,0.72203741759832,0.39,39.0,6361.0,6400.0,0.0,0.0,0.0
SGML240920P00010000,SGML,10.0,2024-09-20,18,0.6920658378482587,0.45,45.0,955.0000000000001,1000.0,1.0,45.0,955.0
SHOP240920P00073000,SHOP,73.0,2024-09-20,18,0.60363465656753,1.66,166.0,7134.0,7300.0,0.0,0.0,0.0
SHOP241018P00070000,SHOP,70.0,2024-10-18,46,0.708823288197916,1.77,177.0,6823.0,7000.0,0.0,0.0,0.0
SHW240920P00360000,SHW,360.0,2024-09-20,18,0.7498359351634915,2.65,265.0,35735.0,36000.0,0.0,0.0,0.0
SIBN241018P00015000,SIBN,15.0,2024-10-18,46,0.6844776551977004,0.95,95.0,1405.0,1500.0,0.0,0.0,0.0
SIRI240906P00003000,SIRI,3.0,2024-09-06,4,0.7934994007621369,0.06,6.0,294.0,300.0,3.0,18.0,882.0
SIRI240913P00003000,SIRI,3.0,2024-09-13,11,0.6878782357294928,0.21,21.0,279.0,300.0,3.0,63.0,837.0
SIRI240920P00003000,SIRI,3.0,2024-09-20,18,0.6800465393814031,0.25,25.0,275.0,300.0,3.0,75.0,825.0
SIRI240927P00003000,SIRI,3.0,2024-09-27,25,0.6809867015827673,0.28,28.000000000000004,272.0,300.0,3.0,84.00000000000001,816.0
SIRI241018P00003000,SIRI,3.0,2024-10-18,46,0.6755668402364823,0.32,32.0,268.0,300.0,3.0,96.0,804.0
SLB240920P00042000,SLB,42.0,2024-09-20,18,0.75602130346293,0.44,44.0,4156.0,4200.0,0.0,0.0,0.0
SLB240920P00042500,SLB,42.5,2024-09-20,18,0.6989538277246645,0.56,56.00000000000001,4194.0,4250.0,0.0,0.0,0.0
SLB241018P00042500,SLB,42.5,2024-10-18,46,0.6615955800210509,1.16,115.99999999999999,4134.0,4250.0,0.0,0.0,0.0
SLNO241018P00045000,SLNO,45.0,2024-10-18,46,0.6934179832906348,2.0,200.0,4300.0,4500.0,0.0,0.0,0.0
SMCI240906P00400000,SMCI,400.0,2024-09-06,4,0.7975903283841428,6.3,630.0,39370.0,40000.0,0.0,0.0,0.0
SMCI240906P00410000,SMCI,410.0,2024-09-06,4,0.7382978192468213,8.6,860.0,40140.0,41000.0,0.0,0.0,0.0
SMCI240906P00420000,SMCI,420.0,2024-09-06,4,0.6693970074810986,11.6,1160.0,40840.0,42000.0,0.0,0.0,0.0
SMCI240920P00400000,SMCI,400.0,2024-09-20,18,0.7161365730697578,17.2,1720.0,38280.0,40000.0,0.0,0.0,0.0
SMCI240920P00410000,SMCI,410.0,2024-09-20,18,0.671015350133876,20.5,2050.0,38950.0,41000.0,0.0,0.0,0.0
SMCI240920P00420000,SMCI,420.0,2024-09-20,18,0.6263551051260298,24.5,2450.0,39550.0,42000.0,0.0,0.0,0.0
SMCI241018P00400000,SMCI,400.0,2024-10-18,46,0.6852209079103823,29.5,2950.0,37050.0,40000.0,0.0,0.0,0.0
SNAP240906P00009000,SNAP,9.0,2024-09-06,4,0.7979812137455702,0.06,6.0,894.0,900.0,1.0,6.0,894.0
SNAP240913P00009000,SNAP,9.0,2024-09-13,11,0.7109747129891834,0.15,15.0,885.0,900.0,1.0,15.0,885.0
SNAP241018P00009000,SNAP,9.0,2024-10-18,46,0.6298113292309938,0.46,46.0,853.9999999999999,900.0,1.0,46.0,854.0
SNOW240906P00113000,SNOW,113.0,2024-09-06,4,0.6079006872707471,1.57,157.0,11143.0,11300.0,0.0,0.0,0.0
SNOW240920P00110000,SNOW,110.0,2024-09-20,18,0.6919109640049705,2.24,224.00000000000003,10776.0,11000.0,0.0,0.0,0.0
SNOW241018P00105000,SNOW,105.0,2024-10-18,46,0.7542793894988634,2.53,252.99999999999997,10247.0,10500.0,0.0,0.0,0.0
SNOW241018P00110000,SNOW,110.0,2024-10-18,46,0.6471493184513041,4.15,415.00000000000006,10585.0,11000.0,0.0,0.0,0.0
SOFI240913P00007500,SOFI,7.5,2024-09-13,11,0.7574819248944534,0.11,11.0,739.0,750.0,1.0,11.0,739.0
SOFI240920P00007500,SOFI,7.5,2024-09-20,18,0.7388570908372436,0.15,15.0,735.0,750.0,1.0,15.0,735.0
SOFI240927P00007500,SOFI,7.5,2024-09-27,25,0.7243084956970005,0.2,20.0,730.0,750.0,1.0,20.0,730.0
SOFI241004P00007500,SOFI,7.5,2024-10-04,32,0.7088859959231562,0.24,24.0,726.0,750.0,1.0,24.0,726.0
SOUN240920P00004500,SOUN,4.5,2024-09-20,18,0.7197258623495892,0.2,20.0,430.0,450.0,2.0,40.0,860.0
SOUN241018P00004500,SOUN,4.5,2024-10-18,46,0.6772987599833256,0.35,35.0,415.00000000000006,450.0,2.0,70.0,830.0
SQ240906P00064000,SQ,64.0,2024-09-06,4,0.740175003301409,0.57,56.99999999999999,6343.0,6400.0,0.0,0.0,0.0
SQ240920P00062500,SQ,62.5,2024-09-20,18,0.7091510601784712,1.11,111.00000000000001,6139.0,6250.0,0.0,0.0,0.0
SU240920P00039000,SU,39.0,2024-09-20,18,0.7698445893999837,0.36,36.0,3864.0,3900.0,0.0,0.0,0.0
SUM240920P00037500,SUM,37.5,2024-09-20,18,0.7540498616707155,0.35,35.0,3715.0,3750.0,0.0,0.0,0.0
SWN240920P00006000,SWN,6.0,2024-09-20,18,0.7614822976099628,0.08,8.0,592.0,600.0,1.0,8.0,592.0
SYM241018P00017500,SYM,17.5,2024-10-18,46,0.6719824785360909,2.2,220.00000000000003,1530.0,1750.0,0.0,0.0,0.0
T240913P00019500,T,19.5,2024-09-13,11,0.7684600213037471,0.09,9.0,1941.0,1950.0,0.0,0.0,0.0
T240920P00019500,T,19.5,2024-09-20,18,0.7244510358198882,0.16,16.0,1934.0,1950.0,0.0,0.0,0.0
T240927P00019500,T,19.5,2024-09-27,25,0.7075278243838503,0.19,19.0,1930.9999999999998,1950.0,0.0,0.0,0.0
T241018P00019000,T,19.0,2024-10-18,46,0.7826286684125225,0.22,22.0,1878.0,1900.0,0.0,0.0,0.0
TEVA240920P00018000,TEVA,18.0,2024-09-20,18,0.744995847713529,0.25,25.0,1775.0,1800.0,0.0,0.0,0.0
TFC240906P00043500,TFC,43.5,2024-09-06,4,0.7563489659704248,0.21,21.0,4329.0,4350.0,0.0,0.0,0.0
TGT240906P00152500,TGT,152.5,2024-09-06,4,0.6273081105905755,1.13,112.99999999999999,15137.0,15250.0,0.0,0.0,0.0
TGT240920P00150000,TGT,150.0,2024-09-20,18,0.7216049294443785,1.41,141.0,14859.0,15000.0,0.0,0.0,0.0
TGT241018P00150000,TGT,150.0,2024-10-18,46,0.6664259519681437,2.84,284.0,14716.0,15000.0,0.0,0.0,0.0
TGTX240920P00021000,TGTX,21.0,2024-09-20,18,0.723710974331418,1.2,120.0,1980.0,2100.0,0.0,0.0,0.0
TJX240920P00115000,TJX,115.0,2024-09-20,18,0.7492536268977561,0.77,77.0,11423.0,11500.0,0.0,0.0,0.0
TJX241018P00115000,TJX,115.0,2024-10-18,46,0.6888452942560914,1.34,134.0,11366.0,11500.0,0.0,0.0,0.0
TMUS240920P00195000,TMUS,195.0,2024-09-20,18,0.679213396790312,2.05,204.99999999999997,19295.0,19500.0,0.0,0.0,0.0
TPR241018P00037500,TPR,37.5,2024-10-18,46,0.7957481343034709,0.7,70.0,3679.9999999999995,3750.0,0.0,0.0,0.0
TROW241018P00100000,TROW,100.0,2024-10-18,46,0.7595676838315548,1.55,155.0,9845.0,10000.0,0.0,0.0,0.0
TSAT241018P00010000,TSAT,10.0,2024-10-18,46,0.670771386362659,0.8,80.0,919.9999999999999,1000.0,1.0,80.0,920.0
TSLA240906P00205000,TSLA,205.0,2024-09-06,4,0.7781534347962207,1.7,170.0,20330.0,20500.0,0.0,0.0,0.0
TSLA240906P00207500,TSLA,207.5,2024-09-06,4,0.7157749226773342,2.31,231.0,20519.0,20750.0,0.0,0.0,0.0
TSLA240906P00210000,TSLA,210.0,2024-09-06,4,0.6452092205382018,3.15,315.0,20685.0,21000.0,0.0,0.0,0.0
TSLA240913P00200000,TSLA,200.0,2024-09-13,11,0.7964480016609122,2.33,233.0,19767.0,20000.0,0.0,0.0,0.0
TSLA240913P00205000,TSLA,205.0,2024-09-13,11,0.7132082781904956,3.55,355.0,20145.0,20500.0,0.0,0.0,0.0
TSLA240913P00207500,TSLA,207.5,2024-09-13,11,0.664746996592021,4.35,434.99999999999994,20315.0,20750.0,0.0,0.0,0.0
TSLA240913P00210000,TSLA,210.0,2024-09-13,11,0.6120605728827999,5.3,530.0,20470.0,21000.0,0.0,0.0,0.0
TSLA240920P00197500,TSLA,197.5,2024-09-20,18,0.7898442617106529,3.05,305.0,19445.0,19750.0,0.0,0.0,0.0
TSLA240920P00200000,TSLA,200.0,2024-09-20,18,0.7573426434190257,3.65,365.0,19635.0,20000.0,0.0,0.0,0.0
TSLA240920P00202500,TSLA,202.5,2024-09-20,18,0.7223548057731013,4.3,430.0,19820.0,20250.0,0.0,0.0,0.0
TSLA240920P00205000,TSLA,205.0,2024-09-20,18,0.6836701436252175,5.1,509.99999999999994,19990.0,20500.0,0.0,0.0,0.0
TSLA240920P00207500,TSLA,207.5,2024-09-20,18,0.6433582381064911,5.95,595.0,20155.0,20750.0,0.0,0.0,0.0
TSLA240920P00210000,TSLA,210.0,2024-09-20,18,0.6008248210527304,6.95,695.0,20305.0,21000.0,0.0,0.0,0.0
TSLA240927P00195000,TSLA,195.0,2024-09-27,25,0.7919938158724171,3.5,350.0,19150.0,19500.0,0.0,0.0,0.0
TSLA240927P00200000,TSLA,200.0,2024-09-27,25,0.7348180099154318,4.75,475.0,19525.0,20000.0,0.0,0.0,0.0
TSLA240927P00205000,TSLA,205.0,2024-09-27,25,0.668414800932094,6.3,630.0,19870.0,20500.0,0.0,0.0,0.0
TSLA241004P00200000,TSLA,200.0,2024-10-04,32,0.7113616717451872,6.45,645.0,19355.0,20000.0,0.0,0.0,0.0
TSLA241018P00190000,TSLA,190.0,2024-10-18,46,0.7691026467938571,6.25,625.0,18375.0,19000.0,0.0,0.0,0.0
TSLA241018P00195000,TSLA,195.0,2024-10-18,46,0.7290465069168222,7.7,770.0,18730.0,19500.0,0.0,0.0,0.0
TSLA241018P00200000,TSLA,200.0,2024-10-18,46,0.6842011933432531,9.4,940.0,19060.0,20000.0,0.0,0.0,0.0
TSLA241018P00205000,TSLA,205.0,2024-10-18,46,0.638075668045009,11.3,1130.0,19370.0,20500.0,0.0,0.0,0.0
TSM240906P00167500,TSM,167.5,2024-09-06,4,0.7054389623906163,1.51,151.0,16599.0,16750.0,0.0,0.0,0.0
TSM240906P00170000,TSM,170.0,2024-09-06,4,0.600314084096063,2.4,240.0,16760.0,17000.0,0.0,0.0,0.0
TSM240920P00160000,TSM,160.0,2024-09-20,18,0.7946889827103119,1.89,189.0,15811.000000000002,16000.0,0.0,0.0,0.0
TSM240920P00165000,TSM,165.0,2024-09-20,18,0.6978881488047701,3.2,320.0,16180.000000000002,16500.0,0.0,0.0,0.0
TSM240920P00167500,TSM,167.5,2024-09-20,18,0.6365710211034817,4.05,405.0,16344.999999999998,16750.0,0.0,0.0,0.0
TSM241018P00155000,TSM,155.0,2024-10-18,46,0.7737123686644216,3.7,370.0,15130.000000000002,15500.0,0.0,0.0,0.0
TSM241018P00165000,TSM,165.0,2024-10-18,46,0.6436230174473037,6.75,675.0,15825.0,16500.0,0.0,0.0,0.0
TSN240920P00062500,TSN,62.5,2024-09-20,18,0.7747187962411695,0.4,40.0,6210.0,6250.0,0.0,0.0,0.0
TUP240920P00001000,TUP,1.0,2024-09-20,18,0.7525782540085646,0.08,8.0,92.0,100.0,10.0,80.0,920.0
TUP241018P00001000,TUP,1.0,2024-10-18,46,0.7304861861324264,0.2,20.0,80.0,100.0,10.0,200.0,800.0
TXN240920P00205000,TXN,205.0,2024-09-20,18,0.7984839511253896,1.61,161.0,20339.0,20500.0,0.0,0.0,0.0
TXN240920P00210000,TXN,210.0,2024-09-20,18,0.6672352758031164,2.79,279.0,20721.0,21000.0,0.0,0.0,0.0
TXN241018P00210000,TXN,210.0,2024-10-18,46,0.6233704778170389,5.2,520.0,20480.0,21000.0,0.0,0.0,0.0
U240906P00016000,U,16.0,2024-09-06,4,0.6690957953369701,0.23,23.0,1577.0,1600.0,0.0,0.0,0.0
U240920P00015000,U,15.0,2024-09-20,18,0.7600401745041374,0.27,27.0,1473.0,1500.0,0.0,0.0,0.0
U240920P00016000,U,16.0,2024-09-20,18,0.6072562222120534,0.58,57.99999999999999,1542.0,1600.0,0.0,0.0,0.0
UAL240913P00042000,UAL,42.0,2024-09-13,11,0.7343667463846727,0.59,59.0,4141.0,4200.0,0.0,0.0,0.0
UAL240920P00041500,UAL,41.5,2024-09-20,18,0.7461212285780312,0.7,70.0,4079.9999999999995,4150.0,0.0,0.0,0.0
UAL240920P00043000,UAL,43.0,2024-09-20,18,0.6252417128164389,1.18,118.0,4182.0,4300.0,0.0,0.0,0.0
UBER240906P00071000,UBER,71.0,2024-09-06,4,0.784049681497839,0.36,36.0,7064.0,7100.0,0.0,0.0,0.0
UBER240906P00072000,UBER,72.0,2024-09-06,4,0.6822170652988218,0.75,75.0,7125.0,7200.0,0.0,0.0,0.0
UBER240913P00071000,UBER,71.0,2024-09-13,11,0.6952529095082192,0.86,86.0,7014.0,7100.0,0.0,0.0,0.0
UBER240920P00070000,UBER,70.0,2024-09-20,18,0.7515343971550987,0.86,86.0,6914.0,7000.0,0.0,0.0,0.0
UBS240920P00030500,UBS,30.5,2024-09-20,18,0.6145287566648414,0.43,43.0,3007.0,3050.0,0.0,0.0,0.0
UBS241018P00030000,UBS,30.0,2024-10-18,46,0.6645967762112749,0.56,56.00000000000001,2944.0,3000.0,0.0,0.0,0.0
ULTA240920P00345000,ULTA,345.0,2024-09-20,18,0.6585035609888963,5.9,590.0,33910.0,34500.0,0.0,0.0,0.0
UNIT241018P00004000,UNIT,4.0,2024-10-18,46,0.7562190885247202,0.25,25.0,375.0,400.0,2.0,50.0,750.0
UPS241018P00125000,UPS,125.0,2024-10-18,46,0.6886680519746222,2.15,215.0,12285.0,12500.0,0.0,0.0,0.0
UPST240906P00040000,UPST,40.0,2024-09-06,4,0.7487227022891282,0.68,68.0,3932.0,4000.0,0.0,0.0,0.0
UPST240906P00041000,UPST,41.0,2024-09-06,4,0.663161188015569,1.04,104.0,3996.0,4100.0,0.0,0.0,0.0
UPST240920P00037500,UPST,37.5,2024-09-20,18,0.7834874730573489,0.98,98.0,3652.0000000000005,3750.0,0.0,0.0,0.0
UPST240920P00040000,UPST,40.0,2024-09-20,18,0.6672867159177707,1.78,178.0,3822.0,4000.0,0.0,0.0,0.0
UPST241018P00040000,UPST,40.0,2024-10-18,46,0.6489123652582789,3.05,305.0,3695.0000000000005,4000.0,0.0,0.0,0.0
